0,Hip-Hop
1,Pop
2,Rock
3,Rock
4,Rock
5,Rock
6,Rock
7,Rock
8,Rock
9,Rock
10,Rock
11,Rock
12,Rock
13,Rock
14,Rock
15,Rock
16,Rock
17,Rock
18,Rock
19,Rock
20,Rock
21,Rock
22,Rock
23,Rock
24,Rock
25,Rock
26,Rock
27,Rock
28,Electronic
29,Electronic
30,Electronic
31,Electronic
32,Electronic
33,Electronic
34,Electronic
35,Electronic
36,Electronic
37,Electronic
38,Electronic
39,Electronic
40,Electronic
41,Electronic
42,Electronic
43,Electronic
44,Electronic
45,Electronic
46,Experimental
47,Experimental
48,Experimental
49,Experimental
50,Experimental
51,Rock
52,Rock
53,Rock
54,Rock
55,Rock
56,Rock
57,Rock
58,Rock
59,Rock
60,Rock
61,Rock
62,Rock
63,Rock
64,Rock
65,Electronic
66,Electronic
67,Folk
68,Folk
69,Folk
70,Folk
71,Folk
72,Folk
73,Folk
74,Folk
75,Folk
76,Folk
77,Folk
78,Folk
79,Folk
80,Folk
81,Folk
82,Rock
83,Rock
84,Rock
85,Rock
86,Rock
87,Rock
88,Rock
89,Rock
90,Rock
91,Rock
92,Rock
93,Rock
94,Rock
95,Rock
96,Rock
97,Rock
98,Rock
99,Hip-Hop
100,Hip-Hop
101,Experimental
102,Experimental
103,Experimental
104,Jazz
105,Jazz
106,Jazz
107,Jazz
108,Folk
109,Folk
110,Experimental
111,Folk
112,Folk
113,Folk
114,Folk
115,Folk
116,Folk
117,Folk
118,Folk
119,Rock
120,Rock
121,Rock
122,Experimental
123,Experimental
124,Experimental
125,Spoken
126,Electronic
127,Electronic
128,Electronic
129,Electronic
130,Electronic
131,Electronic
132,Electronic
133,Hip-Hop
134,Rock
135,Rock
136,Rock
137,Rock
138,Soul-RnB
139,Soul-RnB
140,Soul-RnB
141,Soul-RnB
142,Soul-RnB
143,Soul-RnB
144,Soul-RnB
145,Soul-RnB
146,Soul-RnB
147,Soul-RnB
148,Soul-RnB
149,Soul-RnB
150,Soul-RnB
151,Soul-RnB
152,Soul-RnB
153,Soul-RnB
154,Soul-RnB
155,Soul-RnB
156,Rock
157,Rock
158,Rock
159,Rock
160,Rock
161,Rock
162,Rock
163,Rock
164,Rock
165,Rock
166,Rock
167,Rock
168,Rock
169,Experimental
170,Rock
171,Rock
172,Rock
173,Rock
174,Rock
175,Folk
176,Experimental
177,Experimental
178,Experimental
179,Experimental
180,Experimental
181,Experimental
182,Rock
183,Rock
184,Rock
185,Rock
186,Jazz
187,Jazz
188,Pop
189,Rock
190,Rock
191,Rock
192,International
193,Experimental
194,Rock
195,Rock
196,Rock
197,Rock
198,Rock
199,Rock
200,Experimental
201,Experimental
202,Experimental
203,Experimental
204,Electronic
205,Electronic
206,Electronic
207,Electronic
208,Electronic
209,Electronic
210,Electronic
211,Electronic
212,Electronic
213,Electronic
214,Electronic
215,Folk
216,Folk
217,Folk
218,Folk
219,Rock
220,Experimental
221,Experimental
222,Experimental
223,Spoken
224,Spoken
225,Spoken
226,Spoken
227,Spoken
228,Spoken
229,Spoken
230,Spoken
231,Spoken
232,Spoken
233,Spoken
234,Spoken
235,Spoken
236,Spoken
237,Spoken
238,Spoken
239,Spoken
240,Spoken
241,Spoken
242,Spoken
243,Spoken
244,Spoken
245,Spoken
246,Spoken
247,Spoken
248,Spoken
249,Spoken
250,Spoken
251,Spoken
252,Spoken
253,Spoken
254,Spoken
255,Spoken
256,Spoken
257,Spoken
258,Spoken
259,Spoken
260,Spoken
261,Spoken
262,Spoken
263,Spoken
264,Spoken
265,Spoken
266,Spoken
267,Spoken
268,Spoken
269,Experimental
270,Experimental
271,Experimental
272,Rock
273,Blues
274,Blues
275,Blues
276,Blues
277,Blues
278,Rock
279,Rock
280,Rock
281,Jazz
282,Experimental
283,Experimental
284,Experimental
285,Experimental
286,Experimental
287,Rock
288,Electronic
289,Electronic
290,Electronic
291,Rock
292,Electronic
293,Electronic
294,Electronic
295,Electronic
296,Experimental
297,Experimental
298,Experimental
299,Experimental
300,Experimental
301,Rock
302,Rock
303,Rock
304,Rock
305,Rock
306,Experimental
307,Experimental
308,Experimental
309,Rock
310,Electronic
311,Electronic
312,Electronic
313,Rock
314,Rock
315,Rock
316,Rock
317,Rock
318,Rock
319,Rock
320,Rock
321,Rock
322,Rock
323,Rock
324,Rock
325,Jazz
326,Jazz
327,Jazz
328,Jazz
329,Jazz
330,Rock
331,Rock
332,Rock
333,Rock
334,Rock
335,Rock
336,Rock
337,Experimental
338,Experimental
339,Experimental
340,Rock
341,Rock
342,Rock
343,Rock
344,Rock
345,Rock
346,Rock
347,Rock
348,Rock
349,Rock
350,Rock
351,Rock
352,Folk
353,Electronic
354,Electronic
355,Folk
356,Electronic
357,Electronic
358,Electronic
359,Electronic
360,Folk
361,Electronic
362,Electronic
363,Electronic
364,Folk
365,Electronic
366,Electronic
367,Electronic
368,Electronic
369,Electronic
370,Electronic
371,Electronic
372,Electronic
373,Rock
374,Experimental
375,Rock
376,Rock
377,Rock
378,Rock
379,Rock
380,Rock
381,Rock
382,Rock
383,Rock
384,Rock
385,Rock
386,Rock
387,Rock
388,Rock
389,Rock
390,Rock
391,Rock
392,Rock
393,Rock
394,Rock
395,Rock
396,Rock
397,Electronic
398,Electronic
399,Electronic
400,Electronic
401,Electronic
402,Electronic
403,Electronic
404,Electronic
405,Electronic
406,Experimental
407,Rock
408,Rock
409,Rock
410,Electronic
411,Electronic
412,Electronic
413,Electronic
414,Electronic
415,Electronic
416,Electronic
417,Electronic
418,Electronic
419,Rock
420,Rock
421,Rock
422,Experimental
423,Experimental
424,Experimental
425,Experimental
426,Experimental
427,Experimental
428,Experimental
429,Experimental
430,Experimental
431,Experimental
432,Experimental
433,Experimental
434,Experimental
435,Experimental
436,Experimental
437,Experimental
438,Experimental
439,Rock
440,Experimental
441,Rock
442,Rock
443,Rock
444,Rock
445,Rock
446,Rock
447,Rock
448,Rock
449,Rock
450,Rock
451,Rock
452,Rock
453,Rock
454,Rock
455,Rock
456,Rock
457,Rock
458,Rock
459,Experimental
460,Experimental
461,Rock
462,Rock
463,Rock
464,Rock
465,Rock
466,Rock
467,Rock
468,Rock
469,Rock
470,Rock
471,Rock
472,Rock
473,Experimental
474,Experimental
475,Experimental
476,Experimental
477,Experimental
478,Experimental
479,Experimental
480,Experimental
481,Experimental
482,Experimental
483,Experimental
484,Electronic
485,Electronic
486,Electronic
487,Electronic
488,Electronic
489,Electronic
490,Rock
491,Pop
492,Pop
493,Pop
494,Pop
495,Pop
496,Pop
497,Pop
498,Pop
499,Pop
500,Pop
501,Pop
502,Experimental
503,Experimental
504,Experimental
505,Experimental
506,Experimental
507,Electronic
508,Electronic
509,Electronic
510,Electronic
511,Electronic
512,International
513,International
514,International
515,International
516,Rock
517,Folk
518,Folk
519,Folk
520,Folk
521,Folk
522,Folk
523,Folk
524,Rock
525,Rock
526,Rock
527,Rock
528,Rock
529,Rock
530,Rock
531,Rock
532,Rock
533,Rock
534,Rock
535,Rock
536,Rock
537,Rock
538,Electronic
539,Electronic
540,Rock
541,Rock
542,Folk
543,Folk
544,Folk
545,Folk
546,Folk
547,Folk
548,Rock
549,Rock
550,Rock
551,Rock
552,Rock
553,Rock
554,Rock
555,Rock
556,Rock
557,Rock
558,Rock
559,Rock
560,Rock
561,Rock
562,Rock
563,Rock
564,Rock
565,Rock
566,Rock
567,Rock
568,Rock
569,Rock
570,Rock
571,Rock
572,Rock
573,Rock
574,Rock
575,Rock
576,Rock
577,Pop
578,Pop
579,Pop
580,Pop
581,Pop
582,Rock
583,Electronic
584,Electronic
585,Folk
586,Folk
587,Folk
588,Folk
589,Rock
590,Rock
591,Rock
592,Rock
593,Rock
594,Folk
595,Experimental
596,Experimental
597,Experimental
598,Folk
599,Folk
600,Folk
601,Folk
602,Folk
603,Folk
604,Folk
605,Folk
606,Folk
607,Folk
608,Folk
609,Folk
610,Rock
611,Rock
612,Experimental
613,Experimental
614,Experimental
615,Electronic
616,Electronic
617,Electronic
618,Electronic
619,Experimental
620,Experimental
621,Experimental
622,Experimental
623,Rock
624,Rock
625,Rock
626,Rock
627,Rock
628,Rock
629,Rock
630,Rock
631,Rock
632,Rock
633,Rock
634,Rock
635,Rock
636,Jazz
637,Experimental
638,Experimental
639,Experimental
640,Experimental
641,Experimental
642,Experimental
643,Experimental
644,Experimental
645,Experimental
646,Rock
647,Rock
648,Electronic
649,Electronic
650,Electronic
651,Electronic
652,Electronic
653,Electronic
654,Electronic
655,Electronic
656,Experimental
657,Experimental
658,Experimental
659,Experimental
660,Experimental
661,Experimental
662,Experimental
663,Experimental
664,Experimental
665,Experimental
666,Experimental
667,Electronic
668,Rock
669,Rock
670,Rock
671,Rock
672,Experimental
673,Electronic
674,Folk
675,Folk
676,Folk
677,Folk
678,Folk
679,Electronic
680,Rock
681,Folk
682,Folk
683,Folk
684,Folk
685,Folk
686,Spoken
687,Hip-Hop
688,Hip-Hop
689,Hip-Hop
690,Hip-Hop
691,Hip-Hop
692,Hip-Hop
693,Electronic
694,Pop
695,Pop
696,Pop
697,Pop
698,Pop
699,Folk
700,Folk
701,Folk
702,Electronic
703,Experimental
704,Electronic
705,Experimental
706,Electronic
707,Experimental
708,Experimental
709,Experimental
710,Experimental
711,Experimental
712,Experimental
713,Rock
714,Rock
715,Rock
716,Rock
717,Rock
718,Blues
719,Blues
720,Blues
721,Blues
722,Blues
723,Blues
724,Blues
725,Blues
726,Blues
727,Blues
728,Blues
729,Blues
730,Spoken
731,Spoken
732,Spoken
733,Spoken
734,Spoken
735,Electronic
736,Electronic
737,Electronic
738,Electronic
739,Electronic
740,Electronic
741,Electronic
742,Country
743,Country
744,Country
745,Country
746,Country
747,Country
748,Country
749,Rock
750,Rock
751,Rock
752,Rock
753,Rock
754,Rock
755,Rock
756,Rock
757,Rock
758,Rock
759,Rock
760,Rock
761,Folk
762,Folk
763,Folk
764,Folk
765,Folk
766,Folk
767,Folk
768,Rock
769,Rock
770,Rock
771,Rock
772,Rock
773,Pop
774,Pop
775,Pop
776,Pop
777,Pop
778,Pop
779,Rock
780,Rock
781,Rock
782,Rock
783,Rock
784,Rock
785,Rock
786,Rock
787,Rock
788,Rock
789,Electronic
790,Electronic
791,Electronic
792,Electronic
793,Electronic
794,Electronic
795,Electronic
796,Electronic
797,Electronic
798,Electronic
799,Electronic
800,Electronic
801,Electronic
802,Electronic
803,Electronic
804,Electronic
805,Electronic
806,Rock
807,Rock
808,Rock
809,International
810,Rock
811,Rock
812,Rock
813,Rock
814,Rock
815,Rock
816,Folk
817,Rock
818,Rock
819,Rock
820,Rock
821,Rock
822,Rock
823,Rock
824,Rock
825,Rock
826,Rock
827,Rock
828,Folk
829,Folk
830,Folk
831,Folk
832,Folk
833,Rock
834,Rock
835,Rock
836,Rock
837,Rock
838,Rock
839,Rock
840,Rock
841,Rock
842,Rock
843,Rock
844,Rock
845,Rock
846,Rock
847,Rock
848,Rock
849,Rock
850,Rock
851,Rock
852,Blues
853,International
854,International
855,International
856,International
857,International
858,International
859,Folk
860,Folk
861,Folk
862,Rock
863,Rock
864,Electronic
865,Rock
866,Rock
867,Electronic
868,Rock
869,Rock
870,Rock
871,Rock
872,Rock
873,Rock
874,Experimental
875,Experimental
876,Experimental
877,Rock
878,Rock
879,Rock
880,Folk
881,Folk
882,Folk
883,Jazz
884,International
885,International
886,International
887,International
888,International
889,International
890,International
891,International
892,International
893,International
894,International
895,International
896,International
897,Folk
898,Folk
899,Folk
900,Folk
901,Experimental
902,Experimental
903,Experimental
904,Hip-Hop
905,Hip-Hop
906,Hip-Hop
907,Rock
908,Rock
909,Rock
910,Rock
911,Spoken
912,Rock
913,Rock
914,Rock
915,Rock
916,Rock
917,Rock
918,Spoken
919,Spoken
920,Spoken
921,Spoken
922,Spoken
923,Spoken
924,Rock
925,Hip-Hop
926,Hip-Hop
927,Hip-Hop
928,Hip-Hop
929,Hip-Hop
930,Hip-Hop
931,Hip-Hop
932,Hip-Hop
933,Rock
934,Rock
935,Rock
936,Rock
937,Electronic
938,Electronic
939,Electronic
940,Electronic
941,Electronic
942,Electronic
943,Electronic
944,Electronic
945,Electronic
946,Electronic
947,Electronic
948,Experimental
949,Rock
950,Rock
951,Rock
952,Rock
953,Rock
954,Experimental
955,Experimental
956,Experimental
957,Experimental
958,Rock
959,Rock
960,Rock
961,Rock
962,Rock
963,Electronic
964,Electronic
965,Electronic
966,Electronic
967,Electronic
968,Electronic
969,Electronic
970,Electronic
971,Electronic
972,Rock
973,Rock
974,Rock
975,Folk
976,Folk
977,Folk
978,Folk
979,Folk
980,Folk
981,Folk
982,Folk
983,Folk
984,Rock
985,Pop
986,Pop
987,Electronic
988,International
989,International
990,Rock
991,Rock
992,Rock
993,Rock
994,Rock
995,Rock
996,Rock
997,Rock
998,Rock
999,Rock
1000,Rock
1001,Rock
1002,Rock
1003,Rock
1004,Folk
1005,Folk
1006,Folk
1007,Folk
1008,Folk
1009,Folk
1010,Spoken
1011,Spoken
1012,Jazz
1013,Jazz
1014,Electronic
1015,Electronic
1016,Electronic
1017,Electronic
1018,Electronic
1019,Electronic
1020,Electronic
1021,Electronic
1022,Electronic
1023,Electronic
1024,Electronic
1025,Folk
1026,Folk
1027,Folk
1028,Folk
1029,Rock
1030,Folk
1031,Folk
1032,Folk
1033,Experimental
1034,Rock
1035,Rock
1036,Rock
1037,Rock
1038,Rock
1039,Rock
1040,Rock
1041,Experimental
1042,Experimental
1043,Experimental
1044,Experimental
1045,Experimental
1046,Experimental
1047,Experimental
1048,Experimental
1049,Experimental
1050,Experimental
1051,Experimental
1052,Experimental
1053,Experimental
1054,Experimental
1055,Experimental
1056,Experimental
1057,Experimental
1058,Experimental
1059,Experimental
1060,Experimental
1061,Experimental
1062,Experimental
1063,Experimental
1064,Experimental
1065,Experimental
1066,Experimental
1067,Experimental
1068,Experimental
1069,Experimental
1070,Experimental
1071,Experimental
1072,Experimental
1073,Experimental
1074,Experimental
1075,Experimental
1076,Experimental
1077,Experimental
1078,Experimental
1079,Experimental
1080,Experimental
1081,Experimental
1082,Experimental
1083,Experimental
1084,Experimental
1085,Experimental
1086,Experimental
1087,Rock
1088,Rock
1089,Rock
1090,Rock
1091,Rock
1092,Rock
1093,Rock
1094,Rock
1095,Rock
1096,Rock
1097,Rock
1098,Rock
1099,Rock
1100,Rock
1101,Rock
1102,Rock
1103,Rock
1104,Hip-Hop
1105,Hip-Hop
1106,Hip-Hop
1107,Hip-Hop
1108,Hip-Hop
1109,Hip-Hop
1110,Hip-Hop
1111,Hip-Hop
1112,Rock
1113,Rock
1114,Rock
1115,Rock
1116,Rock
1117,Rock
1118,Rock
1119,Pop
1120,Pop
1121,Pop
1122,Experimental
1123,Experimental
1124,Experimental
1125,Electronic
1126,Electronic
1127,Electronic
1128,Electronic
1129,Electronic
1130,Electronic
1131,Experimental
1132,Experimental
1133,Experimental
1134,Experimental
1135,Experimental
1136,Experimental
1137,Experimental
1138,Experimental
1139,Experimental
1140,Experimental
1141,Experimental
1142,Experimental
1143,Experimental
1144,Experimental
1145,Experimental
1146,Experimental
1147,Experimental
1148,Experimental
1149,Folk
1150,Folk
1151,Folk
1152,Folk
1153,Folk
1154,Experimental
1155,Experimental
1156,Experimental
1157,Experimental
1158,Experimental
1159,Electronic
1160,Electronic
1161,Electronic
1162,Electronic
1163,Electronic
1164,Electronic
1165,Rock
1166,Rock
1167,Rock
1168,Rock
1169,Rock
1170,Rock
1171,Rock
1172,Rock
1173,Electronic
1174,Electronic
1175,Electronic
1176,Electronic
1177,Electronic
1178,Electronic
1179,Electronic
1180,Electronic
1181,Electronic
1182,Electronic
1183,Electronic
1184,Electronic
1185,Rock
1186,Rock
1187,Rock
1188,Rock
1189,Rock
1190,Rock
1191,Rock
1192,Rock
1193,Rock
1194,Rock
1195,Rock
1196,Rock
1197,Rock
1198,Rock
1199,Rock
1200,Rock
1201,Rock
1202,Rock
1203,Rock
1204,Rock
1205,Rock
1206,Rock
1207,Rock
1208,Rock
1209,Folk
1210,Folk
1211,Folk
1212,Folk
1213,Experimental
1214,Experimental
1215,Rock
1216,Rock
1217,Experimental
1218,Experimental
1219,Experimental
1220,Experimental
1221,Experimental
1222,Experimental
1223,Experimental
1224,Experimental
1225,Experimental
1226,Experimental
1227,Experimental
1228,Experimental
1229,Experimental
1230,Experimental
1231,Experimental
1232,Experimental
1233,Experimental
1234,Experimental
1235,Experimental
1236,Experimental
1237,Experimental
1238,Experimental
1239,Experimental
1240,Experimental
1241,Experimental
1242,Experimental
1243,Experimental
1244,Experimental
1245,Experimental
1246,Experimental
1247,Experimental
1248,Experimental
1249,Experimental
1250,Experimental
1251,Experimental
1252,Experimental
1253,Experimental
1254,Experimental
1255,Experimental
1256,Experimental
1257,Experimental
1258,Experimental
1259,Experimental
1260,Experimental
1261,Experimental
1262,Experimental
1263,Experimental
1264,Experimental
1265,Experimental
1266,Experimental
1267,Experimental
1268,Experimental
1269,Experimental
1270,Rock
1271,Rock
1272,Rock
1273,Rock
1274,Rock
1275,Rock
1276,Rock
1277,Rock
1278,Rock
1279,Rock
1280,Rock
1281,Rock
1282,Rock
1283,Rock
1284,Rock
1285,Folk
1286,Folk
1287,Folk
1288,Folk
1289,Folk
1290,Experimental
1291,Experimental
1292,Experimental
1293,Experimental
1294,Experimental
1295,Experimental
1296,Experimental
1297,Experimental
1298,Rock
1299,Rock
1300,Rock
1301,Rock
1302,Rock
1303,Rock
1304,Rock
1305,Rock
1306,Rock
1307,Rock
1308,Rock
1309,Electronic
1310,Electronic
1311,Electronic
1312,Electronic
1313,Electronic
1314,Electronic
1315,Electronic
1316,Electronic
1317,Electronic
1318,Electronic
1319,Electronic
1320,Electronic
1321,Electronic
1322,Electronic
1323,Electronic
1324,Electronic
1325,Electronic
1326,Electronic
1327,Electronic
1328,Electronic
1329,Electronic
1330,Electronic
1331,Electronic
1332,Electronic
1333,Electronic
1334,Electronic
1335,Electronic
1336,Electronic
1337,Electronic
1338,Electronic
1339,Electronic
1340,Rock
1341,Rock
1342,Rock
1343,Rock
1344,Rock
1345,Electronic
1346,Experimental
1347,Experimental
1348,Experimental
1349,Experimental
1350,Experimental
1351,Experimental
1352,Experimental
1353,Experimental
1354,Experimental
1355,Experimental
1356,Experimental
1357,Experimental
1358,Experimental
1359,Experimental
1360,Experimental
1361,Experimental
1362,Experimental
1363,Experimental
1364,Experimental
1365,Experimental
1366,Experimental
1367,Experimental
1368,Experimental
1369,Experimental
1370,Experimental
1371,Experimental
1372,Experimental
1373,Experimental
1374,Folk
1375,Experimental
1376,Experimental
1377,Rock
1378,Experimental
1379,Experimental
1380,Experimental
1381,Experimental
1382,Experimental
1383,Rock
1384,Rock
1385,Rock
1386,Rock
1387,Rock
1388,Rock
1389,Rock
1390,Rock
1391,Rock
1392,Rock
1393,Rock
1394,Rock
1395,Rock
1396,Experimental
1397,Experimental
1398,Electronic
1399,Electronic
1400,Electronic
1401,Electronic
1402,Electronic
1403,Electronic
1404,Electronic
1405,Electronic
1406,Rock
1407,Rock
1408,Rock
1409,Rock
1410,Rock
1411,Rock
1412,Rock
1413,Rock
1414,Rock
1415,Jazz
1416,Jazz
1417,Experimental
1418,Hip-Hop
1419,Experimental
1420,Experimental
1421,Soul-RnB
1422,Electronic
1423,Experimental
1424,Hip-Hop
1425,Hip-Hop
1426,Hip-Hop
1427,Hip-Hop
1428,Hip-Hop
1429,Rock
1430,Rock
1431,Hip-Hop
1432,Experimental
1433,Electronic
1434,Experimental
1435,Jazz
1436,Experimental
1437,Rock
1438,Rock
1439,Rock
1440,Rock
1441,Rock
1442,Rock
1443,Rock
1444,Classical
1445,Classical
1446,Classical
1447,Classical
1448,Classical
1449,Classical
1450,Classical
1451,Classical
1452,Classical
1453,Classical
1454,Classical
1455,Classical
1456,Classical
1457,Classical
1458,Classical
1459,Classical
1460,Classical
1461,Classical
1462,Rock
1463,Rock
1464,Rock
1465,Rock
1466,Rock
1467,Experimental
1468,Experimental
1469,Experimental
1470,Experimental
1471,Experimental
1472,Experimental
1473,Experimental
1474,Experimental
1475,Experimental
1476,Experimental
1477,Experimental
1478,Folk
1479,Rock
1480,Rock
1481,Rock
1482,Rock
1483,Rock
1484,Rock
1485,Rock
1486,Rock
1487,Rock
1488,Rock
1489,Rock
1490,Electronic
1491,Rock
1492,Rock
1493,Rock
1494,Instrumental
1495,Instrumental
1496,Instrumental
1497,Instrumental
1498,Instrumental
1499,Instrumental
1500,Instrumental
1501,Instrumental
1502,Instrumental
1503,Instrumental
1504,Instrumental
1505,Instrumental
1506,Instrumental
1507,Rock
1508,Rock
1509,Rock
1510,Jazz
1511,Rock
1512,Rock
1513,Rock
1514,Rock
1515,Rock
1516,Classical
1517,Classical
1518,Classical
1519,Hip-Hop
1520,Hip-Hop
1521,Hip-Hop
1522,Hip-Hop
1523,Hip-Hop
1524,Hip-Hop
1525,Hip-Hop
1526,Hip-Hop
1527,Hip-Hop
1528,Hip-Hop
1529,Hip-Hop
1530,Hip-Hop
1531,Hip-Hop
1532,Hip-Hop
1533,Hip-Hop
1534,Hip-Hop
1535,Hip-Hop
1536,Hip-Hop
1537,Hip-Hop
1538,Hip-Hop
1539,Hip-Hop
1540,Hip-Hop
1541,Hip-Hop
1542,Hip-Hop
1543,Hip-Hop
1544,Hip-Hop
1545,Rock
1546,Electronic
1547,Electronic
1548,Electronic
1549,Electronic
1550,Electronic
1551,Electronic
1552,Electronic
1553,Electronic
1554,Folk
1555,Electronic
1556,Electronic
1557,Electronic
1558,Electronic
1559,Electronic
1560,Electronic
1561,Electronic
1562,Electronic
1563,Electronic
1564,Blues
1565,Experimental
1566,International
1567,Rock
1568,Rock
1569,Rock
1570,Rock
1571,Rock
1572,Electronic
1573,Electronic
1574,Experimental
1575,Rock
1576,Experimental
1577,Experimental
1578,Electronic
1579,Pop
1580,Pop
1581,Rock
1582,Rock
1583,Rock
1584,Experimental
1585,Experimental
1586,Experimental
1587,Experimental
1588,Electronic
1589,Folk
1590,Rock
1591,Rock
1592,Rock
1593,Rock
1594,Rock
1595,Rock
1596,Rock
1597,Rock
1598,Pop
1599,Pop
1600,Rock
1601,Country
1602,Hip-Hop
1603,Hip-Hop
1604,Hip-Hop
1605,Hip-Hop
1606,Electronic
1607,Electronic
1608,Electronic
1609,Electronic
1610,Folk
1611,Folk
1612,Folk
1613,International
1614,International
1615,Rock
1616,Rock
1617,Rock
1618,Rock
1619,Rock
1620,Rock
1621,Rock
1622,Rock
1623,Rock
1624,Rock
1625,Rock
1626,Electronic
1627,Electronic
1628,Experimental
1629,Experimental
1630,Experimental
1631,Experimental
1632,Experimental
1633,Experimental
1634,Experimental
1635,Experimental
1636,Jazz
1637,Rock
1638,Rock
1639,Jazz
1640,Electronic
1641,Electronic
1642,Electronic
1643,Electronic
1644,Rock
1645,Rock
1646,Rock
1647,Rock
1648,Hip-Hop
1649,Hip-Hop
1650,Hip-Hop
1651,Jazz
1652,Rock
1653,Rock
1654,Rock
1655,Rock
1656,Rock
1657,Rock
1658,Rock
1659,Rock
1660,Rock
1661,Rock
1662,Rock
1663,Rock
1664,Country
1665,Spoken
1666,Country
1667,Country
1668,Country
1669,Country
1670,Country
1671,Country
1672,Electronic
1673,Electronic
1674,Hip-Hop
1675,Electronic
1676,Electronic
1677,Rock
1678,Rock
1679,Rock
1680,Electronic
1681,Electronic
1682,Rock
1683,Rock
1684,Rock
1685,Rock
1686,Rock
1687,Electronic
1688,Electronic
1689,Electronic
1690,Electronic
1691,Electronic
1692,Electronic
1693,Experimental
1694,Hip-Hop
1695,Hip-Hop
1696,Hip-Hop
1697,Hip-Hop
1698,Hip-Hop
1699,Hip-Hop
1700,Hip-Hop
1701,Hip-Hop
1702,Rock
1703,Rock
1704,Rock
1705,Rock
1706,Rock
1707,Rock
1708,Rock
1709,Rock
1710,Country
1711,Country
1712,Country
1713,Country
1714,Electronic
1715,Electronic
1716,Country
1717,Country
1718,Country
1719,Country
1720,Electronic
1721,Folk
1722,Folk
1723,Folk
1724,Folk
1725,Folk
1726,Folk
1727,Folk
1728,Folk
1729,Folk
1730,Electronic
1731,Hip-Hop
1732,Electronic
1733,Electronic
1734,Electronic
1735,Electronic
1736,Electronic
1737,Electronic
1738,Rock
1739,Jazz
1740,Experimental
1741,Rock
1742,Rock
1743,Rock
1744,Spoken
1745,Rock
1746,Rock
1747,Rock
1748,Spoken
1749,Rock
1750,Pop
1751,Rock
1752,Old-Time / Historic
1753,Old-Time / Historic
1754,Old-Time / Historic
1755,Old-Time / Historic
1756,Old-Time / Historic
1757,Old-Time / Historic
1758,Instrumental
1759,Instrumental
1760,Instrumental
1761,Instrumental
1762,Instrumental
1763,Hip-Hop
1764,Hip-Hop
1765,Hip-Hop
1766,Electronic
1767,Electronic
1768,Electronic
1769,Electronic
1770,Electronic
1771,Electronic
1772,Electronic
1773,Electronic
1774,Electronic
1775,Electronic
1776,Electronic
1777,Electronic
1778,Rock
1779,Rock
1780,Rock
1781,Rock
1782,Rock
1783,Rock
1784,Rock
1785,Rock
1786,Rock
1787,Rock
1788,Rock
1789,Rock
1790,Rock
1791,Rock
1792,Rock
1793,Rock
1794,Rock
1795,Electronic
1796,Experimental
1797,Hip-Hop
1798,Hip-Hop
1799,Rock
1800,Folk
1801,Folk
1802,Rock
1803,Rock
1804,Rock
1805,Rock
1806,Rock
1807,Folk
1808,Experimental
1809,Experimental
1810,Experimental
1811,Experimental
1812,Experimental
1813,Experimental
1814,Experimental
1815,Experimental
1816,Experimental
1817,Experimental
1818,Experimental
1819,Experimental
1820,Experimental
1821,Experimental
1822,Experimental
1823,Experimental
1824,Experimental
1825,Experimental
1826,Experimental
1827,Experimental
1828,Experimental
1829,Hip-Hop
1830,Hip-Hop
1831,Hip-Hop
1832,Hip-Hop
1833,Hip-Hop
1834,Hip-Hop
1835,Hip-Hop
1836,Rock
1837,Electronic
1838,Electronic
1839,Electronic
1840,Rock
1841,Rock
1842,Rock
1843,Rock
1844,Rock
1845,International
1846,International
1847,Experimental
1848,Experimental
1849,Experimental
1850,Rock
1851,Rock
1852,Rock
1853,Rock
1854,Rock
1855,Rock
1856,Rock
1857,Rock
1858,Rock
1859,Rock
1860,Rock
1861,Rock
1862,Rock
1863,Rock
1864,Classical
1865,Classical
1866,Hip-Hop
1867,Classical
1868,Classical
1869,Electronic
1870,Rock
1871,Rock
1872,Rock
1873,Rock
1874,Rock
1875,Rock
1876,Experimental
1877,Experimental
1878,Rock
1879,Old-Time / Historic
1880,Old-Time / Historic
1881,Old-Time / Historic
1882,Old-Time / Historic
1883,Old-Time / Historic
1884,Old-Time / Historic
1885,Old-Time / Historic
1886,Old-Time / Historic
1887,Old-Time / Historic
1888,Old-Time / Historic
1889,Old-Time / Historic
1890,Old-Time / Historic
1891,Old-Time / Historic
1892,Old-Time / Historic
1893,International
1894,Hip-Hop
1895,Hip-Hop
1896,Hip-Hop
1897,Hip-Hop
1898,Hip-Hop
1899,Hip-Hop
1900,Hip-Hop
1901,Hip-Hop
1902,Hip-Hop
1903,Folk
1904,Experimental
1905,Experimental
1906,Experimental
1907,Experimental
1908,Experimental
1909,Experimental
1910,Experimental
1911,Experimental
1912,Experimental
1913,Experimental
1914,Folk
1915,Folk
1916,Rock
1917,Hip-Hop
1918,Hip-Hop
1919,Hip-Hop
1920,Hip-Hop
1921,Hip-Hop
1922,Hip-Hop
1923,Hip-Hop
1924,Hip-Hop
1925,Hip-Hop
1926,Hip-Hop
1927,Hip-Hop
1928,Hip-Hop
1929,Hip-Hop
1930,Hip-Hop
1931,Electronic
1932,Electronic
1933,Electronic
1934,Experimental
1935,Experimental
1936,Experimental
1937,Folk
1938,Folk
1939,Rock
1940,Rock
1941,Experimental
1942,Jazz
1943,Experimental
1944,Experimental
1945,Experimental
1946,Experimental
1947,Rock
1948,Rock
1949,Rock
1950,Rock
1951,Pop
1952,Pop
1953,Pop
1954,Pop
1955,Pop
1956,Rock
1957,Rock
1958,Rock
1959,Experimental
1960,Experimental
1961,Experimental
1962,Rock
1963,Rock
1964,Old-Time / Historic
1965,Old-Time / Historic
1966,Old-Time / Historic
1967,Old-Time / Historic
1968,Old-Time / Historic
1969,Spoken
1970,Old-Time / Historic
1971,Folk
1972,Folk
1973,Folk
1974,Folk
1975,Folk
1976,Folk
1977,Folk
1978,Folk
1979,Old-Time / Historic
1980,Electronic
1981,Electronic
1982,Electronic
1983,Experimental
1984,Experimental
1985,Jazz
1986,Jazz
1987,Jazz
1988,Jazz
1989,Jazz
1990,Jazz
1991,Jazz
1992,Blues
1993,Blues
1994,Rock
1995,Rock
1996,Rock
1997,Rock
1998,Rock
1999,Rock
2000,Rock
2001,Rock
2002,Electronic
2003,Electronic
2004,Experimental
2005,Experimental
2006,Country
2007,Country
2008,Electronic
2009,Electronic
2010,Rock
2011,Classical
2012,Classical
2013,Classical
2014,Rock
2015,Rock
2016,Rock
2017,Rock
2018,Spoken
2019,Experimental
2020,Experimental
2021,Experimental
2022,Rock
2023,Rock
2024,Rock
2025,Rock
2026,Rock
2027,Rock
2028,Rock
2029,Rock
2030,Rock
2031,Rock
2032,Rock
2033,Rock
2034,Rock
2035,Rock
2036,Rock
2037,Rock
2038,Rock
2039,Rock
2040,Pop
2041,Pop
2042,Pop
2043,Pop
2044,Pop
2045,Pop
2046,Pop
2047,Pop
2048,Pop
2049,Pop
2050,Pop
2051,Pop
2052,Hip-Hop
2053,Hip-Hop
2054,Hip-Hop
2055,Pop
2056,Pop
2057,Electronic
2058,Electronic
2059,International
2060,International
2061,Rock
2062,Rock
2063,Rock
2064,Rock
2065,Rock
2066,Rock
2067,Rock
2068,Rock
2069,Rock
2070,Rock
2071,Rock
2072,Jazz
2073,Electronic
2074,Electronic
2075,Electronic
2076,Electronic
2077,Electronic
2078,Rock
2079,Rock
2080,Rock
2081,Rock
2082,Rock
2083,Rock
2084,Rock
2085,Rock
2086,Rock
2087,Rock
2088,Rock
2089,Rock
2090,Rock
2091,Rock
2092,Rock
2093,Instrumental
2094,Instrumental
2095,Instrumental
2096,Instrumental
2097,Rock
2098,Rock
2099,Rock
2100,Rock
2101,Old-Time / Historic
2102,Old-Time / Historic
2103,Old-Time / Historic
2104,Old-Time / Historic
2105,Old-Time / Historic
2106,Old-Time / Historic
2107,Old-Time / Historic
2108,Old-Time / Historic
2109,Rock
2110,Rock
2111,Rock
2112,Rock
2113,Rock
2114,Soul-RnB
2115,Rock
2116,Rock
2117,Rock
2118,Pop
2119,Pop
2120,Pop
2121,Pop
2122,Hip-Hop
2123,Pop
2124,Pop
2125,Pop
2126,Pop
2127,Electronic
2128,Electronic
2129,Electronic
2130,Electronic
2131,Electronic
2132,Electronic
2133,Rock
2134,Rock
2135,Rock
2136,Electronic
2137,Electronic
2138,Electronic
2139,Experimental
2140,Experimental
2141,Experimental
2142,Experimental
2143,Experimental
2144,Experimental
2145,Experimental
2146,Experimental
2147,Experimental
2148,Rock
2149,Rock
2150,Rock
2151,Rock
2152,Rock
2153,Rock
2154,Rock
2155,Rock
2156,Old-Time / Historic
2157,Old-Time / Historic
2158,Old-Time / Historic
2159,Old-Time / Historic
2160,Old-Time / Historic
2161,Old-Time / Historic
2162,Old-Time / Historic
2163,Old-Time / Historic
2164,Old-Time / Historic
2165,Old-Time / Historic
2166,Old-Time / Historic
2167,Old-Time / Historic
2168,Old-Time / Historic
2169,Old-Time / Historic
2170,Old-Time / Historic
2171,Old-Time / Historic
2172,Old-Time / Historic
2173,Old-Time / Historic
2174,Old-Time / Historic
2175,Old-Time / Historic
2176,Old-Time / Historic
2177,Old-Time / Historic
2178,Old-Time / Historic
2179,Folk
2180,Folk
2181,Rock
2182,Rock
2183,Rock
2184,Rock
2185,Rock
2186,Hip-Hop
2187,Hip-Hop
2188,Hip-Hop
2189,Hip-Hop
2190,Hip-Hop
2191,Hip-Hop
2192,Hip-Hop
2193,Hip-Hop
2194,Hip-Hop
2195,Hip-Hop
2196,Hip-Hop
2197,Hip-Hop
2198,Hip-Hop
2199,Hip-Hop
2200,Hip-Hop
2201,Hip-Hop
2202,Rock
2203,Rock
2204,Rock
2205,Rock
2206,Rock
2207,Rock
2208,Rock
2209,Rock
2210,Rock
2211,Rock
2212,Rock
2213,Instrumental
2214,Instrumental
2215,Instrumental
2216,Instrumental
2217,Instrumental
2218,Instrumental
2219,Instrumental
2220,Instrumental
2221,Instrumental
2222,Instrumental
2223,Instrumental
2224,Instrumental
2225,Instrumental
2226,Experimental
2227,Experimental
2228,Experimental
2229,Experimental
2230,Experimental
2231,Experimental
2232,Experimental
2233,Experimental
2234,Experimental
2235,Experimental
2236,Experimental
2237,Experimental
2238,Experimental
2239,Experimental
2240,Experimental
2241,Experimental
2242,Experimental
2243,Experimental
2244,Jazz
2245,Rock
2246,Rock
2247,Rock
2248,Rock
2249,Rock
2250,Rock
2251,Experimental
2252,Blues
2253,Experimental
2254,Instrumental
2255,Experimental
2256,Spoken
2257,Spoken
2258,Spoken
2259,Experimental
2260,Experimental
2261,Experimental
2262,Experimental
2263,Rock
2264,Rock
2265,Rock
2266,Rock
2267,Rock
2268,Electronic
2269,Electronic
2270,Electronic
2271,Electronic
2272,Electronic
2273,Electronic
2274,Electronic
2275,Pop
2276,Pop
2277,Pop
2278,Pop
2279,Pop
2280,Pop
2281,Pop
2282,Folk
2283,Electronic
2284,Electronic
2285,Electronic
2286,Electronic
2287,Electronic
2288,Electronic
2289,Electronic
2290,Pop
2291,Pop
2292,Pop
2293,Pop
2294,Pop
2295,Pop
2296,Pop
2297,Pop
2298,Pop
2299,Pop
2300,Pop
2301,Pop
2302,Pop
2303,Pop
2304,Folk
2305,Experimental
2306,Experimental
2307,Blues
2308,Spoken
2309,Spoken
2310,Electronic
2311,Electronic
2312,Electronic
2313,Electronic
2314,Electronic
2315,Electronic
2316,Electronic
2317,Electronic
2318,Electronic
2319,Electronic
2320,Electronic
2321,Electronic
2322,Electronic
2323,Electronic
2324,Electronic
2325,Pop
2326,Pop
2327,Electronic
2328,Electronic
2329,Hip-Hop
2330,Hip-Hop
2331,Hip-Hop
2332,Experimental
2333,Rock
2334,Hip-Hop
2335,Electronic
2336,Rock
2337,Rock
2338,Rock
2339,Rock
2340,Rock
2341,Rock
2342,Rock
2343,Electronic
2344,Electronic
2345,Electronic
2346,Experimental
2347,Experimental
2348,Experimental
2349,Electronic
2350,Pop
2351,Rock
2352,Rock
2353,Rock
2354,Experimental
2355,Instrumental
2356,Experimental
2357,Instrumental
2358,Hip-Hop
2359,Electronic
2360,International
2361,Jazz
2362,Rock
2363,Rock
2364,Rock
2365,Rock
2366,Rock
2367,Rock
2368,Rock
2369,Experimental
2370,Rock
2371,Rock
2372,Pop
2373,Rock
2374,Rock
2375,Rock
2376,Electronic
2377,Electronic
2378,Electronic
2379,Electronic
2380,Electronic
2381,Rock
2382,Rock
2383,Rock
2384,Spoken
2385,Spoken
2386,Spoken
2387,Spoken
2388,Experimental
2389,Experimental
2390,Electronic
2391,Pop
2392,Hip-Hop
2393,Electronic
2394,Electronic
2395,Rock
2396,Electronic
2397,Pop
2398,Hip-Hop
2399,Classical
2400,Experimental
2401,Classical
2402,Classical
2403,Classical
2404,Classical
2405,Classical
2406,Classical
2407,Classical
2408,Classical
2409,Classical
2410,Classical
2411,Classical
2412,International
2413,International
2414,Classical
2415,Rock
2416,Soul-RnB
2417,Classical
2418,Experimental
2419,Experimental
2420,Experimental
2421,Experimental
2422,Experimental
2423,Experimental
2424,Experimental
2425,Experimental
2426,Experimental
2427,Experimental
2428,Experimental
2429,Experimental
2430,Experimental
2431,Experimental
2432,Experimental
2433,Experimental
2434,Experimental
2435,Rock
2436,Rock
2437,Electronic
2438,Electronic
2439,Electronic
2440,Electronic
2441,Electronic
2442,Electronic
2443,Electronic
2444,Electronic
2445,Electronic
2446,Electronic
2447,Electronic
2448,Electronic
2449,Electronic
2450,Electronic
2451,Electronic
2452,Electronic
2453,Electronic
2454,Electronic
2455,Electronic
2456,Electronic
2457,Electronic
2458,Electronic
2459,Electronic
2460,Rock
2461,Electronic
2462,Electronic
2463,Electronic
2464,Electronic
2465,Electronic
2466,Electronic
2467,Electronic
2468,Electronic
2469,Electronic
2470,Electronic
2471,Electronic
2472,Soul-RnB
2473,Soul-RnB
2474,Soul-RnB
2475,Soul-RnB
2476,Soul-RnB
2477,Rock
2478,Rock
2479,Rock
2480,Electronic
2481,Experimental
2482,Spoken
2483,Rock
2484,Rock
2485,Rock
2486,Rock
2487,Rock
2488,Electronic
2489,Electronic
2490,Electronic
2491,Rock
2492,Electronic
2493,Electronic
2494,Electronic
2495,Electronic
2496,Electronic
2497,Electronic
2498,Electronic
2499,Experimental
2500,Electronic
2501,Electronic
2502,Electronic
2503,Electronic
2504,Electronic
2505,Experimental
2506,Electronic
2507,Electronic
2508,Electronic
2509,Electronic
2510,Electronic
2511,Electronic
2512,Electronic
2513,Electronic
2514,Electronic
2515,Experimental
2516,Experimental
2517,Experimental
2518,Experimental
2519,Experimental
2520,Experimental
2521,Experimental
2522,Experimental
2523,Hip-Hop
2524,Hip-Hop
2525,Hip-Hop
2526,Hip-Hop
2527,Hip-Hop
2528,Experimental
2529,Hip-Hop
2530,Old-Time / Historic
2531,Old-Time / Historic
2532,Old-Time / Historic
2533,Old-Time / Historic
2534,Old-Time / Historic
2535,Old-Time / Historic
2536,Old-Time / Historic
2537,Electronic
2538,Rock
2539,Rock
2540,Rock
2541,Rock
2542,Rock
2543,Rock
2544,Rock
2545,Rock
2546,Rock
2547,Rock
2548,International
2549,Electronic
2550,Experimental
2551,Experimental
2552,Experimental
2553,Experimental
2554,Experimental
2555,Experimental
2556,Electronic
2557,Electronic
2558,Electronic
2559,Electronic
2560,Electronic
2561,Electronic
2562,Electronic
2563,Electronic
2564,Experimental
2565,Experimental
2566,Experimental
2567,Experimental
2568,Electronic
2569,Electronic
2570,Electronic
2571,Electronic
2572,Electronic
2573,Experimental
2574,Electronic
2575,Electronic
2576,Electronic
2577,Electronic
2578,Electronic
2579,Electronic
2580,Electronic
2581,Electronic
2582,Electronic
2583,International
2584,International
2585,International
2586,International
2587,International
2588,Pop
2589,International
2590,International
2591,International
2592,International
2593,International
2594,International
2595,Electronic
2596,Electronic
2597,Electronic
2598,Electronic
2599,Electronic
2600,Electronic
2601,Electronic
2602,Electronic
2603,Electronic
2604,Electronic
2605,Electronic
2606,Electronic
2607,Electronic
2608,Electronic
2609,International
2610,International
2611,Pop
2612,Experimental
2613,Experimental
2614,Experimental
2615,Electronic
2616,Instrumental
2617,Instrumental
2618,Pop
2619,Pop
2620,Pop
2621,Pop
2622,Pop
2623,Experimental
2624,Experimental
2625,Experimental
2626,Experimental
2627,Experimental
2628,Experimental
2629,Experimental
2630,Classical
2631,Classical
2632,Experimental
2633,Experimental
2634,Pop
2635,Pop
2636,Pop
2637,Pop
2638,Pop
2639,Pop
2640,Hip-Hop
2641,Hip-Hop
2642,Folk
2643,Electronic
2644,Electronic
2645,Electronic
2646,Electronic
2647,Electronic
2648,Electronic
2649,Rock
2650,Jazz
2651,Jazz
2652,Jazz
2653,Jazz
2654,Jazz
2655,Rock
2656,Rock
2657,Rock
2658,Rock
2659,Experimental
2660,Experimental
2661,Experimental
2662,Experimental
2663,Experimental
2664,Experimental
2665,Experimental
2666,Experimental
2667,Experimental
2668,Experimental
2669,Experimental
2670,Experimental
2671,Rock
2672,Rock
2673,Pop
2674,Pop
2675,Pop
2676,Pop
2677,Pop
2678,Pop
2679,Pop
2680,Pop
2681,Pop
2682,Pop
2683,Pop
2684,Pop
2685,Pop
2686,Pop
2687,Pop
2688,Pop
2689,Folk
2690,Experimental
2691,Experimental
2692,Experimental
2693,Experimental
2694,Experimental
2695,Experimental
2696,Instrumental
2697,Instrumental
2698,Instrumental
2699,Instrumental
2700,Instrumental
2701,Instrumental
2702,Instrumental
2703,Instrumental
2704,Instrumental
2705,Instrumental
2706,Instrumental
2707,Instrumental
2708,Instrumental
2709,Instrumental
2710,Electronic
2711,Electronic
2712,Electronic
2713,Electronic
2714,Electronic
2715,Electronic
2716,Electronic
2717,Electronic
2718,Rock
2719,Rock
2720,Rock
2721,Rock
2722,Rock
2723,Rock
2724,Rock
2725,Electronic
2726,Electronic
2727,Electronic
2728,Electronic
2729,Electronic
2730,Electronic
2731,Electronic
2732,Electronic
2733,Electronic
2734,International
2735,Classical
2736,International
2737,Classical
2738,Experimental
2739,Experimental
2740,Experimental
2741,Rock
2742,Rock
2743,Rock
2744,Rock
2745,Rock
2746,Rock
2747,Rock
2748,Rock
2749,Rock
2750,Rock
2751,Rock
2752,Rock
2753,Rock
2754,Rock
2755,Experimental
2756,Experimental
2757,Experimental
2758,Experimental
2759,Electronic
2760,Electronic
2761,Electronic
2762,Rock
2763,Electronic
2764,Electronic
2765,Electronic
2766,Electronic
2767,Electronic
2768,Jazz
2769,Experimental
2770,Rock
2771,Rock
2772,Rock
2773,Rock
2774,Rock
2775,Rock
2776,Classical
2777,Classical
2778,Classical
2779,Classical
2780,Classical
2781,Classical
2782,Classical
2783,Classical
2784,Classical
2785,Classical
2786,Classical
2787,Classical
2788,Classical
2789,Classical
2790,Classical
2791,Classical
2792,Classical
2793,Classical
2794,Classical
2795,Experimental
2796,Experimental
2797,Experimental
2798,Electronic
2799,Electronic
2800,Rock
2801,Rock
2802,Folk
2803,Folk
2804,Folk
2805,Folk
2806,Experimental
2807,Experimental
2808,Experimental
2809,Experimental
2810,Experimental
2811,Experimental
2812,Experimental
2813,Experimental
2814,Experimental
2815,Experimental
2816,Experimental
2817,Experimental
2818,Experimental
2819,Experimental
2820,Experimental
2821,Experimental
2822,Experimental
2823,Experimental
2824,Experimental
2825,Experimental
2826,Experimental
2827,Experimental
2828,Experimental
2829,Experimental
2830,Pop
2831,Pop
2832,Pop
2833,Pop
2834,Pop
2835,Electronic
2836,Electronic
2837,Pop
2838,Pop
2839,Pop
2840,Pop
2841,Pop
2842,Experimental
2843,Experimental
2844,Experimental
2845,Experimental
2846,Electronic
2847,Experimental
2848,Experimental
2849,Experimental
2850,Jazz
2851,Jazz
2852,Jazz
2853,Jazz
2854,Jazz
2855,Jazz
2856,Jazz
2857,Jazz
2858,Jazz
2859,Pop
2860,Experimental
2861,Experimental
2862,Rock
2863,Rock
2864,Rock
2865,Rock
2866,Rock
2867,Rock
2868,Rock
2869,Rock
2870,Rock
2871,Rock
2872,Rock
2873,Rock
2874,Rock
2875,Rock
2876,Rock
2877,Rock
2878,Instrumental
2879,Instrumental
2880,Instrumental
2881,Instrumental
2882,Instrumental
2883,Rock
2884,Experimental
2885,Experimental
2886,Experimental
2887,Experimental
2888,Experimental
2889,Electronic
2890,Electronic
2891,Electronic
2892,Electronic
2893,Electronic
2894,Electronic
2895,Electronic
2896,Electronic
2897,Electronic
2898,Electronic
2899,Electronic
2900,Electronic
2901,Electronic
2902,Electronic
2903,Electronic
2904,Electronic
2905,Rock
2906,Rock
2907,Rock
2908,Experimental
2909,Experimental
2910,Experimental
2911,Experimental
2912,Experimental
2913,Electronic
2914,Electronic
2915,Electronic
2916,Pop
2917,Pop
2918,Pop
2919,Pop
2920,Pop
2921,Pop
2922,Pop
2923,Pop
2924,Pop
2925,Pop
2926,Pop
2927,Pop
2928,Hip-Hop
2929,Hip-Hop
2930,Electronic
2931,Rock
2932,Rock
2933,Rock
2934,Rock
2935,Rock
2936,Rock
2937,Rock
2938,Rock
2939,Rock
2940,Rock
2941,Rock
2942,International
2943,International
2944,International
2945,International
2946,Pop
2947,Pop
2948,Pop
2949,Pop
2950,Pop
2951,Pop
2952,Pop
2953,Pop
2954,Folk
2955,Folk
2956,Folk
2957,Folk
2958,Folk
2959,Classical
2960,Classical
2961,Electronic
2962,Electronic
2963,Electronic
2964,Electronic
2965,Electronic
2966,Electronic
2967,Electronic
2968,Electronic
2969,Electronic
2970,Experimental
2971,Experimental
2972,Experimental
2973,Experimental
2974,Experimental
2975,Experimental
2976,Experimental
2977,Hip-Hop
2978,Electronic
2979,Electronic
2980,Experimental
2981,Experimental
2982,Rock
2983,Rock
2984,Rock
2985,Rock
2986,Rock
2987,Experimental
2988,Experimental
2989,Experimental
2990,Experimental
2991,Rock
2992,Rock
2993,Rock
2994,Rock
2995,Rock
2996,Rock
2997,Rock
2998,Rock
2999,Rock
3000,Rock
3001,Hip-Hop
3002,Hip-Hop
3003,Hip-Hop
3004,Experimental
3005,Experimental
3006,Experimental
3007,Experimental
3008,Experimental
3009,Experimental
3010,Experimental
3011,Experimental
3012,Experimental
3013,Experimental
3014,Experimental
3015,Experimental
3016,Experimental
3017,Experimental
3018,Experimental
3019,Experimental
3020,Experimental
3021,Experimental
3022,Experimental
3023,Experimental
3024,Rock
3025,Experimental
3026,Experimental
3027,Experimental
3028,Experimental
3029,Experimental
3030,Experimental
3031,Electronic
3032,Electronic
3033,Electronic
3034,Experimental
3035,Experimental
3036,Experimental
3037,Experimental
3038,Experimental
3039,Experimental
3040,Experimental
3041,Experimental
3042,Experimental
3043,Experimental
3044,Experimental
3045,Experimental
3046,Experimental
3047,Experimental
3048,Experimental
3049,Experimental
3050,Experimental
3051,Experimental
3052,Experimental
3053,Experimental
3054,Electronic
3055,Electronic
3056,Electronic
3057,Electronic
3058,Electronic
3059,Electronic
3060,Electronic
3061,Experimental
3062,Experimental
3063,Electronic
3064,Electronic
3065,Electronic
3066,Electronic
3067,Electronic
3068,Electronic
3069,Electronic
3070,Electronic
3071,Experimental
3072,Experimental
3073,Experimental
3074,Experimental
3075,Experimental
3076,Experimental
3077,Electronic
3078,Electronic
3079,Electronic
3080,Electronic
3081,Electronic
3082,Electronic
3083,Electronic
3084,Electronic
3085,Electronic
3086,Electronic
3087,Electronic
3088,Electronic
3089,Electronic
3090,Electronic
3091,Electronic
3092,Electronic
3093,Old-Time / Historic
3094,Old-Time / Historic
3095,Old-Time / Historic
3096,Old-Time / Historic
3097,Old-Time / Historic
3098,Old-Time / Historic
3099,Old-Time / Historic
3100,Old-Time / Historic
3101,Old-Time / Historic
3102,Old-Time / Historic
3103,Old-Time / Historic
3104,Old-Time / Historic
3105,Old-Time / Historic
3106,Old-Time / Historic
3107,Old-Time / Historic
3108,Hip-Hop
3109,Rock
3110,Classical
3111,Classical
3112,Classical
3113,Classical
3114,Classical
3115,Classical
3116,Rock
3117,Rock
3118,Rock
3119,Rock
3120,Rock
3121,Rock
3122,Rock
3123,Rock
3124,Folk
3125,Experimental
3126,Rock
3127,Rock
3128,Rock
3129,Rock
3130,Soul-RnB
3131,Soul-RnB
3132,Soul-RnB
3133,Soul-RnB
3134,Soul-RnB
3135,Pop
3136,Pop
3137,Pop
3138,Pop
3139,Pop
3140,Pop
3141,Pop
3142,Pop
3143,Experimental
3144,Experimental
3145,Experimental
3146,Experimental
3147,Experimental
3148,Experimental
3149,Classical
3150,Experimental
3151,Experimental
3152,Experimental
3153,Experimental
3154,Experimental
3155,Electronic
3156,Electronic
3157,Electronic
3158,Electronic
3159,Electronic
3160,Rock
3161,International
3162,International
3163,International
3164,Experimental
3165,Experimental
3166,Experimental
3167,Experimental
3168,Experimental
3169,Rock
3170,Rock
3171,Rock
3172,Rock
3173,Classical
3174,Classical
3175,Rock
3176,Rock
3177,Rock
3178,Rock
3179,Electronic
3180,Electronic
3181,Electronic
3182,Electronic
3183,Electronic
3184,Rock
3185,Rock
3186,Rock
3187,Rock
3188,Rock
3189,Rock
3190,Rock
3191,Rock
3192,Experimental
3193,Experimental
3194,Experimental
3195,Experimental
3196,Experimental
3197,Experimental
3198,Experimental
3199,Electronic
3200,Electronic
3201,Rock
3202,Rock
3203,Rock
3204,Rock
3205,Rock
3206,Rock
3207,Rock
3208,Hip-Hop
3209,Hip-Hop
3210,Hip-Hop
3211,Hip-Hop
3212,Hip-Hop
3213,Hip-Hop
3214,Hip-Hop
3215,Hip-Hop
3216,Hip-Hop
3217,Hip-Hop
3218,Hip-Hop
3219,Hip-Hop
3220,Hip-Hop
3221,Rock
3222,Rock
3223,Rock
3224,Rock
3225,Experimental
3226,Experimental
3227,Experimental
3228,Experimental
3229,Experimental
3230,Hip-Hop
3231,Hip-Hop
3232,Hip-Hop
3233,Hip-Hop
3234,Hip-Hop
3235,Hip-Hop
3236,Hip-Hop
3237,Rock
3238,Rock
3239,Rock
3240,Rock
3241,Rock
3242,Hip-Hop
3243,Hip-Hop
3244,Hip-Hop
3245,Hip-Hop
3246,Hip-Hop
3247,Hip-Hop
3248,Hip-Hop
3249,Hip-Hop
3250,Hip-Hop
3251,Electronic
3252,Electronic
3253,Electronic
3254,Electronic
3255,Electronic
3256,Electronic
3257,Electronic
3258,Electronic
3259,Electronic
3260,Electronic
3261,Electronic
3262,Electronic
3263,Electronic
3264,Electronic
3265,Electronic
3266,Electronic
3267,Electronic
3268,Electronic
3269,Electronic
3270,Electronic
3271,Electronic
3272,Electronic
3273,Electronic
3274,Electronic
3275,Experimental
3276,International
3277,International
3278,International
3279,International
3280,International
3281,Electronic
3282,Electronic
3283,Electronic
3284,Electronic
3285,Electronic
3286,Electronic
3287,Electronic
3288,Electronic
3289,Folk
3290,Electronic
3291,Rock
3292,Experimental
3293,Electronic
3294,Rock
3295,Experimental
3296,Electronic
3297,Experimental
3298,Electronic
3299,Rock
3300,Rock
3301,Rock
3302,Experimental
3303,Experimental
3304,Experimental
3305,Electronic
3306,Rock
3307,Rock
3308,Rock
3309,Electronic
3310,Experimental
3311,Experimental
3312,Jazz
3313,Electronic
3314,Rock
3315,Rock
3316,Rock
3317,Rock
3318,Rock
3319,Rock
3320,Rock
3321,Rock
3322,Rock
3323,Rock
3324,Rock
3325,Rock
3326,Rock
3327,Rock
3328,Rock
3329,Classical
3330,Classical
3331,Classical
3332,Classical
3333,Electronic
3334,Electronic
3335,Electronic
3336,Electronic
3337,Electronic
3338,Electronic
3339,Electronic
3340,Electronic
3341,Electronic
3342,Electronic
3343,Electronic
3344,Electronic
3345,Folk
3346,Folk
3347,Folk
3348,Rock
3349,Rock
3350,Rock
3351,Rock
3352,Electronic
3353,Experimental
3354,Electronic
3355,Electronic
3356,Electronic
3357,Electronic
3358,Electronic
3359,Electronic
3360,Electronic
3361,Rock
3362,Electronic
3363,Electronic
3364,Experimental
3365,Experimental
3366,Experimental
3367,Experimental
3368,Experimental
3369,Experimental
3370,Experimental
3371,Experimental
3372,Experimental
3373,Experimental
3374,Experimental
3375,Experimental
3376,Experimental
3377,Experimental
3378,Pop
3379,Pop
3380,Experimental
3381,Electronic
3382,Rock
3383,Electronic
3384,Electronic
3385,Electronic
3386,Electronic
3387,Electronic
3388,Electronic
3389,Electronic
3390,Electronic
3391,Electronic
3392,Electronic
3393,Electronic
3394,Electronic
3395,Electronic
3396,Electronic
3397,Electronic
3398,Electronic
3399,Folk
3400,Pop
3401,Experimental
3402,Experimental
3403,Experimental
3404,Experimental
3405,Experimental
3406,Experimental
3407,Experimental
3408,Experimental
3409,Experimental
3410,Rock
3411,Rock
3412,Electronic
3413,Electronic
3414,Rock
3415,Rock
3416,Rock
3417,Electronic
3418,Electronic
3419,Electronic
3420,Electronic
3421,Electronic
3422,Electronic
3423,Electronic
3424,Jazz
3425,Jazz
3426,Jazz
3427,Jazz
3428,Rock
3429,Rock
3430,Rock
3431,Experimental
3432,Electronic
3433,Electronic
3434,Electronic
3435,Electronic
3436,Folk
3437,Folk
3438,Folk
3439,Folk
3440,Folk
3441,Folk
3442,Folk
3443,Folk
3444,Folk
3445,Folk
3446,Folk
3447,Rock
3448,Electronic
3449,Electronic
3450,Electronic
3451,Pop
3452,Electronic
3453,Electronic
3454,Electronic
3455,Electronic
3456,Electronic
3457,Electronic
3458,Electronic
3459,Electronic
3460,Electronic
3461,Electronic
3462,Rock
3463,Rock
3464,Rock
3465,Rock
3466,Classical
3467,Classical
3468,Classical
3469,Classical
3470,Classical
3471,Classical
3472,Classical
3473,Classical
3474,Classical
3475,Classical
3476,Classical
3477,Classical
3478,Classical
3479,Classical
3480,Classical
3481,Classical
3482,Classical
3483,Classical
3484,Rock
3485,Rock
3486,Rock
3487,Rock
3488,Rock
3489,Rock
3490,Spoken
3491,Rock
3492,Spoken
3493,Rock
3494,Rock
3495,Rock
3496,Classical
3497,Classical
3498,Classical
3499,Classical
3500,Classical
3501,Classical
3502,Classical
3503,Classical
3504,Classical
3505,Classical
3506,Hip-Hop
3507,Hip-Hop
3508,Hip-Hop
3509,Hip-Hop
3510,Electronic
3511,Rock
3512,Rock
3513,Rock
3514,Rock
3515,Rock
3516,Rock
3517,Rock
3518,Instrumental
3519,Instrumental
3520,Instrumental
3521,Instrumental
3522,Instrumental
3523,Instrumental
3524,Instrumental
3525,Instrumental
3526,Instrumental
3527,Instrumental
3528,Instrumental
3529,Instrumental
3530,Instrumental
3531,Instrumental
3532,Instrumental
3533,Instrumental
3534,Instrumental
3535,Rock
3536,Rock
3537,Rock
3538,Rock
3539,Instrumental
3540,Electronic
3541,Electronic
3542,Electronic
3543,Electronic
3544,Rock
3545,Rock
3546,Electronic
3547,Hip-Hop
3548,Hip-Hop
3549,Folk
3550,Experimental
3551,Experimental
3552,Electronic
3553,Electronic
3554,Experimental
3555,Experimental
3556,Experimental
3557,Experimental
3558,Experimental
3559,Experimental
3560,Experimental
3561,Experimental
3562,Experimental
3563,Rock
3564,Rock
3565,Rock
3566,Rock
3567,Rock
3568,Rock
3569,Experimental
3570,Experimental
3571,Experimental
3572,Spoken
3573,Experimental
3574,Experimental
3575,Experimental
3576,Experimental
3577,Experimental
3578,Rock
3579,Rock
3580,Rock
3581,Experimental
3582,Experimental
3583,Experimental
3584,Instrumental
3585,Instrumental
3586,Instrumental
3587,Instrumental
3588,Instrumental
3589,Instrumental
3590,Instrumental
3591,Instrumental
3592,Instrumental
3593,Instrumental
3594,International
3595,International
3596,Rock
3597,Rock
3598,International
3599,Spoken
3600,Rock
3601,Electronic
3602,Electronic
3603,Electronic
3604,Electronic
3605,International
3606,International
3607,International
3608,International
3609,Experimental
3610,Experimental
3611,Experimental
3612,Experimental
3613,Experimental
3614,Experimental
3615,Experimental
3616,Experimental
3617,Electronic
3618,Experimental
3619,Experimental
3620,Experimental
3621,Experimental
3622,Experimental
3623,Experimental
3624,Experimental
3625,Experimental
3626,Experimental
3627,Experimental
3628,Experimental
3629,Experimental
3630,Experimental
3631,Experimental
3632,Experimental
3633,Experimental
3634,Experimental
3635,Pop
3636,Experimental
3637,Experimental
3638,Experimental
3639,Experimental
3640,Experimental
3641,Experimental
3642,Experimental
3643,Experimental
3644,Experimental
3645,Pop
3646,Pop
3647,Pop
3648,Pop
3649,Pop
3650,Pop
3651,Pop
3652,Rock
3653,Rock
3654,Rock
3655,Rock
3656,Rock
3657,Electronic
3658,Folk
3659,Folk
3660,Folk
3661,Folk
3662,Folk
3663,Folk
3664,Rock
3665,Experimental
3666,Experimental
3667,Experimental
3668,Experimental
3669,Electronic
3670,Instrumental
3671,Hip-Hop
3672,Experimental
3673,Experimental
3674,Experimental
3675,Experimental
3676,Rock
3677,Electronic
3678,Electronic
3679,Electronic
3680,Electronic
3681,Electronic
3682,Electronic
3683,Electronic
3684,Electronic
3685,Electronic
3686,Electronic
3687,Electronic
3688,Electronic
3689,Electronic
3690,Electronic
3691,Rock
3692,Rock
3693,Rock
3694,Rock
3695,Rock
3696,Experimental
3697,Experimental
3698,Experimental
3699,Experimental
3700,Experimental
3701,Experimental
3702,Experimental
3703,Experimental
3704,Rock
3705,Experimental
3706,Experimental
3707,Experimental
3708,Experimental
3709,Experimental
3710,Experimental
3711,Experimental
3712,Experimental
3713,Experimental
3714,Experimental
3715,Electronic
3716,Electronic
3717,Electronic
3718,Electronic
3719,Electronic
3720,Electronic
3721,Electronic
3722,Electronic
3723,Electronic
3724,Experimental
3725,Experimental
3726,Experimental
3727,Experimental
3728,Folk
3729,Experimental
3730,Experimental
3731,Experimental
3732,Experimental
3733,Experimental
3734,Experimental
3735,Rock
3736,Rock
3737,Pop
3738,Pop
3739,Pop
3740,Pop
3741,Instrumental
3742,Instrumental
3743,Instrumental
3744,Instrumental
3745,Instrumental
3746,Experimental
3747,Experimental
3748,Experimental
3749,Experimental
3750,Experimental
3751,Experimental
3752,Electronic
3753,Electronic
3754,Electronic
3755,Rock
3756,Instrumental
3757,International
3758,Electronic
3759,Experimental
3760,Experimental
3761,Experimental
3762,International
3763,International
3764,International
3765,International
3766,Rock
3767,Rock
3768,Rock
3769,Rock
3770,Rock
3771,Rock
3772,Rock
3773,Rock
3774,Rock
3775,Experimental
3776,Experimental
3777,Experimental
3778,Experimental
3779,Folk
3780,Folk
3781,Folk
3782,Folk
3783,Folk
3784,Folk
3785,Folk
3786,Folk
3787,Folk
3788,Folk
3789,Electronic
3790,Electronic
3791,Electronic
3792,Electronic
3793,Electronic
3794,Electronic
3795,Electronic
3796,Electronic
3797,Electronic
3798,Electronic
3799,Electronic
3800,Pop
3801,Electronic
3802,Electronic
3803,Electronic
3804,Electronic
3805,Electronic
3806,Pop
3807,Pop
3808,Pop
3809,Pop
3810,Pop
3811,Pop
3812,Pop
3813,Pop
3814,Pop
3815,Rock
3816,Experimental
3817,Rock
3818,Rock
3819,Rock
3820,Rock
3821,Rock
3822,Rock
3823,Rock
3824,Rock
3825,Rock
3826,International
3827,International
3828,International
3829,International
3830,International
3831,International
3832,International
3833,International
3834,International
3835,International
3836,International
3837,Hip-Hop
3838,Experimental
3839,Experimental
3840,Experimental
3841,Experimental
3842,Experimental
3843,Experimental
3844,Spoken
3845,Spoken
3846,Spoken
3847,Spoken
3848,Spoken
3849,Spoken
3850,Spoken
3851,Spoken
3852,Spoken
3853,Spoken
3854,Spoken
3855,Spoken
3856,Spoken
3857,Spoken
3858,Electronic
3859,Electronic
3860,Instrumental
3861,Instrumental
3862,Rock
3863,Rock
3864,Rock
3865,International
3866,International
3867,International
3868,International
3869,International
3870,Rock
3871,Rock
3872,Rock
3873,Rock
3874,Rock
3875,Rock
3876,Rock
3877,International
3878,International
3879,International
3880,Experimental
3881,Experimental
3882,Experimental
3883,Experimental
3884,Folk
3885,International
3886,International
3887,International
3888,Experimental
3889,Rock
3890,Rock
3891,Rock
3892,Rock
3893,Rock
3894,Experimental
3895,Experimental
3896,Experimental
3897,Experimental
3898,Experimental
3899,Experimental
3900,Experimental
3901,Experimental
3902,Experimental
3903,Experimental
3904,Experimental
3905,Rock
3906,Rock
3907,Rock
3908,Rock
3909,Folk
3910,Rock
3911,Rock
3912,Rock
3913,Rock
3914,Rock
3915,Rock
3916,Rock
3917,Rock
3918,Electronic
3919,Electronic
3920,Electronic
3921,Electronic
3922,Electronic
3923,Electronic
3924,Folk
3925,Folk
3926,Hip-Hop
3927,Hip-Hop
3928,Hip-Hop
3929,Hip-Hop
3930,Hip-Hop
3931,Folk
3932,Hip-Hop
3933,Hip-Hop
3934,Hip-Hop
3935,Hip-Hop
3936,Hip-Hop
3937,Hip-Hop
3938,Hip-Hop
3939,Experimental
3940,Experimental
3941,Experimental
3942,Experimental
3943,Spoken
3944,Spoken
3945,Spoken
3946,Spoken
3947,Spoken
3948,Electronic
3949,Electronic
3950,Electronic
3951,Electronic
3952,Electronic
3953,Electronic
3954,Experimental
3955,International
3956,Rock
3957,Rock
3958,Rock
3959,Rock
3960,Rock
3961,Rock
3962,Rock
3963,Rock
3964,Rock
3965,Rock
3966,Rock
3967,Rock
3968,Rock
3969,Rock
3970,Electronic
3971,Electronic
3972,Experimental
3973,Experimental
3974,Pop
3975,Pop
3976,Pop
3977,Pop
3978,Electronic
3979,Rock
3980,Rock
3981,Rock
3982,Rock
3983,Rock
3984,Rock
3985,Rock
3986,Rock
3987,Rock
3988,Rock
3989,Rock
3990,Rock
3991,Rock
3992,Rock
3993,Rock
3994,Rock
3995,Rock
3996,Rock
3997,Instrumental
3998,Instrumental
3999,Instrumental
4000,Instrumental
4001,Instrumental
4002,Instrumental
4003,Instrumental
4004,Instrumental
4005,Folk
4006,Experimental
4007,Experimental
4008,Experimental
4009,Experimental
4010,Experimental
4011,Experimental
4012,Experimental
4013,Experimental
4014,Experimental
4015,Experimental
4016,Experimental
4017,Experimental
4018,Experimental
4019,Experimental
4020,Rock
4021,Rock
4022,Rock
4023,Rock
4024,Rock
4025,Rock
4026,Rock
4027,Rock
4028,Rock
4029,Rock
4030,Rock
4031,Rock
4032,Rock
4033,Rock
4034,Rock
4035,Experimental
4036,Experimental
4037,Experimental
4038,Classical
4039,Experimental
4040,Experimental
4041,Experimental
4042,Electronic
4043,Electronic
4044,Electronic
4045,Electronic
4046,Electronic
4047,Electronic
4048,Electronic
4049,Electronic
4050,Experimental
4051,Experimental
4052,Experimental
4053,Spoken
4054,Spoken
4055,Instrumental
4056,Instrumental
4057,Rock
4058,Jazz
4059,Jazz
4060,Jazz
4061,Jazz
4062,Electronic
4063,Electronic
4064,Electronic
4065,Electronic
4066,Electronic
4067,Rock
4068,Rock
4069,Rock
4070,Rock
4071,Rock
4072,Rock
4073,Rock
4074,Rock
4075,Rock
4076,Rock
4077,Experimental
4078,Experimental
4079,Experimental
4080,Rock
4081,Rock
4082,Rock
4083,Rock
4084,Rock
4085,Rock
4086,Rock
4087,Rock
4088,Experimental
4089,Rock
4090,Rock
4091,Rock
4092,Rock
4093,Rock
4094,Jazz
4095,Jazz
4096,Folk
4097,Rock
4098,Rock
4099,Spoken
4100,Spoken
4101,Spoken
4102,Rock
4103,Rock
4104,Rock
4105,Rock
4106,Rock
4107,Rock
4108,Rock
4109,Experimental
4110,Experimental
4111,Electronic
4112,Folk
4113,Folk
4114,Folk
4115,Pop
4116,Pop
4117,Jazz
4118,Experimental
4119,Jazz
4120,Jazz
4121,Jazz
4122,Spoken
4123,Spoken
4124,Rock
4125,Jazz
4126,Jazz
4127,Jazz
4128,Rock
4129,Classical
4130,Classical
4131,Classical
4132,Classical
4133,Classical
4134,Jazz
4135,Classical
4136,Experimental
4137,Experimental
4138,Experimental
4139,Experimental
4140,Experimental
4141,Experimental
4142,Experimental
4143,Experimental
4144,Experimental
4145,Experimental
4146,Experimental
4147,Experimental
4148,Experimental
4149,Experimental
4150,Rock
4151,Rock
4152,Rock
4153,Rock
4154,Rock
4155,Rock
4156,Rock
4157,Rock
4158,Rock
4159,Rock
4160,Rock
4161,Rock
4162,Rock
4163,Experimental
4164,Rock
4165,Experimental
4166,Experimental
4167,Experimental
4168,Experimental
4169,Experimental
4170,Experimental
4171,Experimental
4172,Experimental
4173,Experimental
4174,Experimental
4175,Experimental
4176,Pop
4177,Pop
4178,Pop
4179,Pop
4180,Electronic
4181,Electronic
4182,Electronic
4183,Electronic
4184,Electronic
4185,Electronic
4186,Electronic
4187,Electronic
4188,Electronic
4189,Rock
4190,Rock
4191,Rock
4192,Rock
4193,Rock
4194,Rock
4195,Rock
4196,Rock
4197,Rock
4198,Rock
4199,Rock
4200,Folk
4201,Folk
4202,Folk
4203,Folk
4204,Folk
4205,Folk
4206,Folk
4207,Folk
4208,Folk
4209,Rock
4210,Rock
4211,Rock
4212,Rock
4213,Rock
4214,Rock
4215,Rock
4216,Rock
4217,Rock
4218,Rock
4219,Rock
4220,Rock
4221,Rock
4222,Rock
4223,Rock
4224,Rock
4225,Rock
4226,Rock
4227,Rock
4228,Rock
4229,Rock
4230,Rock
4231,Rock
4232,Rock
4233,Rock
4234,Rock
4235,Rock
4236,Rock
4237,Rock
4238,Experimental
4239,Experimental
4240,Experimental
4241,Experimental
4242,Rock
4243,Rock
4244,Rock
4245,Rock
4246,Rock
4247,Rock
4248,Rock
4249,Rock
4250,Classical
4251,Experimental
4252,Experimental
4253,Experimental
4254,Experimental
4255,Experimental
4256,Experimental
4257,Experimental
4258,Experimental
4259,Experimental
4260,Experimental
4261,Experimental
4262,Experimental
4263,Experimental
4264,Experimental
4265,Experimental
4266,Experimental
4267,Hip-Hop
4268,Hip-Hop
4269,Pop
4270,Electronic
4271,Hip-Hop
4272,Hip-Hop
4273,Hip-Hop
4274,Rock
4275,Rock
4276,Rock
4277,Classical
4278,Rock
4279,Experimental
4280,Experimental
4281,Folk
4282,Folk
4283,Experimental
4284,Experimental
4285,Experimental
4286,Experimental
4287,Experimental
4288,Experimental
4289,Experimental
4290,Experimental
4291,Experimental
4292,Experimental
4293,Experimental
4294,Rock
4295,Rock
4296,Rock
4297,Rock
4298,Rock
4299,Rock
4300,Rock
4301,Rock
4302,Rock
4303,Rock
4304,Rock
4305,Rock
4306,Rock
4307,Rock
4308,Rock
4309,Rock
4310,Electronic
4311,Electronic
4312,Electronic
4313,Electronic
4314,Hip-Hop
4315,Hip-Hop
4316,Hip-Hop
4317,Hip-Hop
4318,Hip-Hop
4319,Hip-Hop
4320,Hip-Hop
4321,Old-Time / Historic
4322,Old-Time / Historic
4323,Experimental
4324,Experimental
4325,Experimental
4326,Hip-Hop
4327,Rock
4328,Instrumental
4329,Rock
4330,Rock
4331,Pop
4332,Electronic
4333,International
4334,Rock
4335,Hip-Hop
4336,Folk
4337,Electronic
4338,Jazz
4339,Electronic
4340,Rock
4341,Rock
4342,Rock
4343,Rock
4344,Rock
4345,Rock
4346,Rock
4347,Rock
4348,Rock
4349,Folk
4350,Folk
4351,Experimental
4352,Folk
4353,Folk
4354,Experimental
4355,Experimental
4356,Experimental
4357,Rock
4358,Rock
4359,Rock
4360,Rock
4361,Rock
4362,Hip-Hop
4363,Hip-Hop
4364,Hip-Hop
4365,Hip-Hop
4366,Rock
4367,Pop
4368,Pop
4369,Pop
4370,Pop
4371,Pop
4372,Pop
4373,Rock
4374,Rock
4375,Folk
4376,Folk
4377,Folk
4378,Easy Listening
4379,Easy Listening
4380,Easy Listening
4381,Rock
4382,Rock
4383,Rock
4384,Rock
4385,Rock
4386,Rock
4387,Rock
4388,Rock
4389,Rock
4390,Electronic
4391,Blues
4392,Classical
4393,Classical
4394,Classical
4395,Classical
4396,Classical
4397,Classical
4398,Classical
4399,Classical
4400,Classical
4401,Classical
4402,International
4403,International
4404,Electronic
4405,Electronic
4406,Experimental
4407,Experimental
4408,Experimental
4409,Experimental
4410,Experimental
4411,Experimental
4412,Experimental
4413,Experimental
4414,Experimental
4415,Experimental
4416,Experimental
4417,Pop
4418,Pop
4419,Electronic
4420,Rock
4421,Electronic
4422,Electronic
4423,Experimental
4424,Experimental
4425,Experimental
4426,Experimental
4427,Experimental
4428,Electronic
4429,Electronic
4430,Electronic
4431,Electronic
4432,Rock
4433,Experimental
4434,Pop
4435,Pop
4436,Pop
4437,Pop
4438,Pop
4439,Pop
4440,Pop
4441,Pop
4442,Pop
4443,Pop
4444,Pop
4445,Pop
4446,Pop
4447,Pop
4448,Pop
4449,Pop
4450,Pop
4451,Electronic
4452,Electronic
4453,Electronic
4454,Electronic
4455,Electronic
4456,Electronic
4457,Electronic
4458,Electronic
4459,Rock
4460,Electronic
4461,Electronic
4462,Rock
4463,Electronic
4464,Instrumental
4465,Electronic
4466,Electronic
4467,Electronic
4468,Pop
4469,Pop
4470,Pop
4471,Pop
4472,Pop
4473,Pop
4474,Pop
4475,Pop
4476,Pop
4477,Pop
4478,Experimental
4479,Electronic
4480,Electronic
4481,Electronic
4482,Electronic
4483,Electronic
4484,International
4485,International
4486,International
4487,International
4488,International
4489,International
4490,International
4491,International
4492,International
4493,International
4494,International
4495,Experimental
4496,Experimental
4497,Experimental
4498,Experimental
4499,Rock
4500,Rock
4501,Rock
4502,Rock
4503,Rock
4504,Rock
4505,Rock
4506,Rock
4507,Rock
4508,Rock
4509,Pop
4510,Pop
4511,Pop
4512,Pop
4513,Pop
4514,Pop
4515,Rock
4516,Electronic
4517,Electronic
4518,Electronic
4519,Rock
4520,Rock
4521,Rock
4522,Rock
4523,Rock
4524,Rock
4525,Rock
4526,Rock
4527,Instrumental
4528,Instrumental
4529,Instrumental
4530,Instrumental
4531,Instrumental
4532,Instrumental
4533,Instrumental
4534,Instrumental
4535,Instrumental
4536,Electronic
4537,Electronic
4538,International
4539,International
4540,International
4541,Rock
4542,Rock
4543,Rock
4544,Rock
4545,Rock
4546,Rock
4547,Rock
4548,Experimental
4549,Experimental
4550,Experimental
4551,Experimental
4552,Experimental
4553,Folk
4554,Folk
4555,Folk
4556,Pop
4557,Rock
4558,Rock
4559,Rock
4560,Rock
4561,Rock
4562,Rock
4563,Experimental
4564,Rock
4565,Rock
4566,Rock
4567,Rock
4568,Rock
4569,International
4570,International
4571,International
4572,International
4573,International
4574,International
4575,Experimental
4576,Experimental
4577,Experimental
4578,Experimental
4579,Experimental
4580,Instrumental
4581,Rock
4582,Rock
4583,Rock
4584,Jazz
4585,Jazz
4586,Jazz
4587,Jazz
4588,Spoken
4589,Rock
4590,Rock
4591,Rock
4592,Rock
4593,Rock
4594,Rock
4595,Rock
4596,Electronic
4597,Experimental
4598,Experimental
4599,Rock
4600,Rock
4601,Rock
4602,Blues
4603,Experimental
4604,Experimental
4605,Experimental
4606,Hip-Hop
4607,Hip-Hop
4608,Pop
4609,Pop
4610,Pop
4611,Pop
4612,Pop
4613,Pop
4614,Pop
4615,Pop
4616,Pop
4617,Pop
4618,Pop
4619,Pop
4620,International
4621,International
4622,International
4623,Jazz
4624,Experimental
4625,Experimental
4626,Experimental
4627,Experimental
4628,Experimental
4629,Rock
4630,Rock
4631,Rock
4632,Electronic
4633,Electronic
4634,Electronic
4635,Electronic
4636,Electronic
4637,Electronic
4638,Electronic
4639,Electronic
4640,Electronic
4641,Electronic
4642,Pop
4643,Pop
4644,Pop
4645,Pop
4646,Hip-Hop
4647,Rock
4648,Electronic
4649,Rock
4650,Rock
4651,Rock
4652,Rock
4653,Rock
4654,Rock
4655,Rock
4656,Rock
4657,International
4658,International
4659,International
4660,International
4661,International
4662,Rock
4663,Rock
4664,Rock
4665,Electronic
4666,Electronic
4667,Electronic
4668,Electronic
4669,Electronic
4670,Rock
4671,Rock
4672,Rock
4673,Rock
4674,Electronic
4675,Electronic
4676,Electronic
4677,Electronic
4678,Soul-RnB
4679,Hip-Hop
4680,Hip-Hop
4681,Hip-Hop
4682,Hip-Hop
4683,Electronic
4684,Electronic
4685,Electronic
4686,Electronic
4687,Experimental
4688,Experimental
4689,International
4690,International
4691,International
4692,International
4693,International
4694,International
4695,International
4696,International
4697,International
4698,International
4699,International
4700,Rock
4701,Rock
4702,Rock
4703,Rock
4704,Rock
4705,Rock
4706,Rock
4707,Rock
4708,Rock
4709,Rock
4710,Hip-Hop
4711,Electronic
4712,Rock
4713,Rock
4714,Rock
4715,Rock
4716,Rock
4717,Rock
4718,Rock
4719,Electronic
4720,Electronic
4721,Electronic
4722,Electronic
4723,Electronic
4724,Electronic
4725,Electronic
4726,Electronic
4727,Electronic
4728,Electronic
4729,Electronic
4730,Electronic
4731,Electronic
4732,Electronic
4733,Electronic
4734,Electronic
4735,Electronic
4736,Electronic
4737,Electronic
4738,Electronic
4739,Electronic
4740,Electronic
4741,Electronic
4742,Electronic
4743,Experimental
4744,Experimental
4745,Rock
4746,Experimental
4747,Electronic
4748,Experimental
4749,Experimental
4750,Rock
4751,Classical
4752,Experimental
4753,Experimental
4754,Experimental
4755,Experimental
4756,Experimental
4757,Hip-Hop
4758,Hip-Hop
4759,Hip-Hop
4760,Hip-Hop
4761,Hip-Hop
4762,Hip-Hop
4763,Hip-Hop
4764,Hip-Hop
4765,Experimental
4766,Experimental
4767,Experimental
4768,Experimental
4769,Experimental
4770,Experimental
4771,Experimental
4772,Experimental
4773,Experimental
4774,Experimental
4775,Experimental
4776,Experimental
4777,Experimental
4778,Experimental
4779,Experimental
4780,Experimental
4781,Experimental
4782,Experimental
4783,Experimental
4784,Experimental
4785,Experimental
4786,Experimental
4787,Experimental
4788,Experimental
4789,Experimental
4790,Experimental
4791,Experimental
4792,Rock
4793,Rock
4794,Folk
4795,Folk
4796,Folk
4797,Folk
4798,Folk
4799,Folk
4800,Folk
4801,Folk
4802,Spoken
4803,Rock
4804,Rock
4805,Rock
4806,Rock
4807,Rock
4808,Rock
4809,International
4810,Experimental
4811,Hip-Hop
4812,Hip-Hop
4813,Rock
4814,Electronic
4815,Electronic
4816,Electronic
4817,Electronic
4818,Electronic
4819,Electronic
4820,Rock
4821,Rock
4822,Rock
4823,Classical
4824,Experimental
4825,Folk
4826,Folk
4827,Folk
4828,Folk
4829,Folk
4830,Classical
4831,Classical
4832,Classical
4833,Pop
4834,Pop
4835,Pop
4836,Rock
4837,Electronic
4838,Hip-Hop
4839,Electronic
4840,Electronic
4841,Electronic
4842,Electronic
4843,Electronic
4844,Electronic
4845,Rock
4846,Rock
4847,Rock
4848,Rock
4849,Rock
4850,Rock
4851,Rock
4852,Rock
4853,Rock
4854,Classical
4855,Classical
4856,Classical
4857,Classical
4858,Classical
4859,Classical
4860,Classical
4861,Classical
4862,Classical
4863,Classical
4864,Classical
4865,Classical
4866,Classical
4867,Classical
4868,Classical
4869,Classical
4870,Classical
4871,Classical
4872,Classical
4873,Classical
4874,Classical
4875,Classical
4876,Classical
4877,Classical
4878,Classical
4879,Classical
4880,Classical
4881,Classical
4882,Classical
4883,Classical
4884,Classical
4885,Classical
4886,Classical
4887,Classical
4888,Classical
4889,Classical
4890,Classical
4891,Classical
4892,Classical
4893,Classical
4894,Classical
4895,Classical
4896,Classical
4897,Classical
4898,Classical
4899,Classical
4900,Classical
4901,Classical
4902,Classical
4903,Classical
4904,Classical
4905,Classical
4906,Classical
4907,Classical
4908,Classical
4909,Classical
4910,Classical
4911,Classical
4912,Classical
4913,Classical
4914,Classical
4915,Classical
4916,Classical
4917,Classical
4918,Blues
4919,Rock
4920,Rock
4921,Rock
4922,Rock
4923,Electronic
4924,Electronic
4925,Electronic
4926,Electronic
4927,Electronic
4928,Electronic
4929,Rock
4930,Rock
4931,Experimental
4932,Experimental
4933,Experimental
4934,Experimental
4935,Experimental
4936,Experimental
4937,Rock
4938,Soul-RnB
4939,Soul-RnB
4940,Soul-RnB
4941,Soul-RnB
4942,Soul-RnB
4943,Soul-RnB
4944,Soul-RnB
4945,International
4946,International
4947,International
4948,International
4949,International
4950,International
4951,International
4952,International
4953,International
4954,International
4955,International
4956,International
4957,International
4958,International
4959,Experimental
4960,Experimental
4961,Experimental
4962,Experimental
4963,Experimental
4964,Experimental
4965,Experimental
4966,Rock
4967,Rock
4968,Rock
4969,Rock
4970,Rock
4971,Rock
4972,Experimental
4973,Hip-Hop
4974,Hip-Hop
4975,Hip-Hop
4976,Hip-Hop
4977,Hip-Hop
4978,Hip-Hop
4979,Hip-Hop
4980,International
4981,International
4982,International
4983,International
4984,International
4985,International
4986,International
4987,International
4988,International
4989,International
4990,International
4991,International
4992,Experimental
4993,Experimental
4994,Experimental
4995,Experimental
4996,Experimental
4997,Experimental
4998,Experimental
4999,Experimental
5000,Experimental
5001,Rock
5002,Rock
5003,Rock
5004,Rock
5005,Rock
5006,Rock
5007,Rock
5008,Rock
5009,Rock
5010,Rock
5011,Rock
5012,Rock
5013,Rock
5014,Rock
5015,Rock
5016,Rock
5017,Rock
5018,Rock
5019,Rock
5020,Rock
5021,Rock
5022,Folk
5023,Folk
5024,Folk
5025,Folk
5026,Hip-Hop
5027,Hip-Hop
5028,Electronic
5029,Electronic
5030,Electronic
5031,Electronic
5032,Hip-Hop
5033,Hip-Hop
5034,Hip-Hop
5035,Hip-Hop
5036,Hip-Hop
5037,Hip-Hop
5038,Hip-Hop
5039,International
5040,Rock
5041,Rock
5042,Rock
5043,Rock
5044,Rock
5045,Rock
5046,Rock
5047,Rock
5048,Rock
5049,Rock
5050,Rock
5051,Rock
5052,Rock
5053,Rock
5054,Rock
5055,Rock
5056,Rock
5057,Rock
5058,Rock
5059,Electronic
5060,Electronic
5061,Electronic
5062,Electronic
5063,Rock
5064,Rock
5065,Rock
5066,Rock
5067,Rock
5068,Rock
5069,Rock
5070,Rock
5071,Rock
5072,International
5073,International
5074,International
5075,International
5076,International
5077,Folk
5078,Folk
5079,Experimental
5080,Experimental
5081,Experimental
5082,Electronic
5083,Rock
5084,Rock
5085,Rock
5086,Rock
5087,Rock
5088,Rock
5089,Rock
5090,Rock
5091,Rock
5092,Rock
5093,Rock
5094,Rock
5095,Rock
5096,Rock
5097,Rock
5098,Instrumental
5099,Instrumental
5100,Instrumental
5101,Instrumental
5102,Instrumental
5103,Instrumental
5104,Instrumental
5105,Instrumental
5106,Instrumental
5107,Instrumental
5108,Instrumental
5109,Instrumental
5110,Rock
5111,Rock
5112,Rock
5113,Rock
5114,Rock
5115,Rock
5116,Experimental
5117,Experimental
5118,Experimental
5119,Experimental
5120,Experimental
5121,Experimental
5122,Experimental
5123,International
5124,Rock
5125,Rock
5126,Rock
5127,Rock
5128,Rock
5129,Hip-Hop
5130,Hip-Hop
5131,Hip-Hop
5132,Electronic
5133,Electronic
5134,Electronic
5135,Electronic
5136,Experimental
5137,Rock
5138,Rock
5139,Rock
5140,Rock
5141,Rock
5142,Hip-Hop
5143,Pop
5144,Rock
5145,Rock
5146,Rock
5147,Rock
5148,Rock
5149,Rock
5150,Instrumental
5151,Rock
5152,Rock
5153,Rock
5154,Rock
5155,Rock
5156,Rock
5157,Hip-Hop
5158,Hip-Hop
5159,Hip-Hop
5160,Hip-Hop
5161,Hip-Hop
5162,Hip-Hop
5163,Hip-Hop
5164,Old-Time / Historic
5165,Old-Time / Historic
5166,Old-Time / Historic
5167,Old-Time / Historic
5168,Rock
5169,Old-Time / Historic
5170,Rock
5171,Rock
5172,Rock
5173,Rock
5174,Rock
5175,Rock
5176,Rock
5177,Rock
5178,Rock
5179,Rock
5180,Rock
5181,Rock
5182,Rock
5183,Electronic
5184,Electronic
5185,Rock
5186,Rock
5187,Rock
5188,Rock
5189,Rock
5190,Rock
5191,Rock
5192,Rock
5193,Rock
5194,Rock
5195,Rock
5196,Pop
5197,Pop
5198,Pop
5199,Pop
5200,Pop
5201,Rock
5202,Experimental
5203,Experimental
5204,Experimental
5205,Experimental
5206,Experimental
5207,Rock
5208,Rock
5209,Rock
5210,Rock
5211,Rock
5212,Rock
5213,Rock
5214,International
5215,International
5216,Rock
5217,Rock
5218,Rock
5219,Rock
5220,Rock
5221,Rock
5222,Rock
5223,Rock
5224,Rock
5225,Electronic
5226,Electronic
5227,Electronic
5228,Electronic
5229,Rock
5230,Experimental
5231,Experimental
5232,Experimental
5233,Experimental
5234,Experimental
5235,Experimental
5236,Experimental
5237,Experimental
5238,Rock
5239,Rock
5240,Rock
5241,Rock
5242,Rock
5243,Rock
5244,Rock
5245,Rock
5246,Rock
5247,Rock
5248,Rock
5249,Jazz
5250,Jazz
5251,Rock
5252,Rock
5253,Rock
5254,Rock
5255,Rock
5256,Rock
5257,Rock
5258,Rock
5259,Rock
5260,Rock
5261,Rock
5262,Rock
5263,Experimental
5264,Experimental
5265,Electronic
5266,Electronic
5267,Electronic
5268,Electronic
5269,Electronic
5270,Electronic
5271,Rock
5272,Rock
5273,Rock
5274,Rock
5275,Rock
5276,Rock
5277,Experimental
5278,Rock
5279,Rock
5280,Rock
5281,Rock
5282,Rock
5283,Rock
5284,Experimental
5285,Experimental
5286,Experimental
5287,Experimental
5288,Experimental
5289,Experimental
5290,Experimental
5291,Experimental
5292,Experimental
5293,Experimental
5294,Instrumental
5295,Instrumental
5296,Experimental
5297,Experimental
5298,Experimental
5299,Experimental
5300,Experimental
5301,Experimental
5302,Rock
5303,Folk
5304,Folk
5305,Spoken
5306,Rock
5307,Spoken
5308,Rock
5309,Spoken
5310,Hip-Hop
5311,Hip-Hop
5312,Hip-Hop
5313,Rock
5314,Rock
5315,Rock
5316,Rock
5317,Rock
5318,Rock
5319,Rock
5320,Rock
5321,Rock
5322,Experimental
5323,Pop
5324,Rock
5325,Rock
5326,Rock
5327,Rock
5328,Rock
5329,Rock
5330,Rock
5331,Rock
5332,Classical
5333,Electronic
5334,Electronic
5335,Electronic
5336,Electronic
5337,International
5338,International
5339,Rock
5340,Pop
5341,Electronic
5342,Pop
5343,Pop
5344,Pop
5345,Pop
5346,Pop
5347,Pop
5348,Pop
5349,Experimental
5350,Experimental
5351,Experimental
5352,Experimental
5353,Experimental
5354,Experimental
5355,Experimental
5356,Experimental
5357,Experimental
5358,Experimental
5359,Experimental
5360,Rock
5361,Rock
5362,Rock
5363,Rock
5364,Experimental
5365,Experimental
5366,Experimental
5367,Experimental
5368,Rock
5369,Rock
5370,Rock
5371,Rock
5372,Rock
5373,Rock
5374,Rock
5375,Rock
5376,Rock
5377,Rock
5378,Rock
5379,Rock
5380,Rock
5381,Rock
5382,Rock
5383,Rock
5384,Rock
5385,Rock
5386,Rock
5387,Electronic
5388,Electronic
5389,Electronic
5390,Electronic
5391,Electronic
5392,Electronic
5393,Electronic
5394,Electronic
5395,Experimental
5396,Experimental
5397,Experimental
5398,Experimental
5399,Experimental
5400,Experimental
5401,Rock
5402,Classical
5403,Classical
5404,Classical
5405,Classical
5406,Classical
5407,Classical
5408,Classical
5409,Classical
5410,Classical
5411,Classical
5412,Classical
5413,Classical
5414,Classical
5415,Classical
5416,Classical
5417,Experimental
5418,Experimental
5419,Experimental
5420,Experimental
5421,Rock
5422,Rock
5423,Rock
5424,Rock
5425,Rock
5426,Rock
5427,Rock
5428,Rock
5429,Instrumental
5430,Folk
5431,Folk
5432,Folk
5433,Rock
5434,Rock
5435,Rock
5436,Rock
5437,Experimental
5438,Experimental
5439,Hip-Hop
5440,Hip-Hop
5441,Hip-Hop
5442,Hip-Hop
5443,Hip-Hop
5444,Hip-Hop
5445,Hip-Hop
5446,Hip-Hop
5447,Hip-Hop
5448,Hip-Hop
5449,Hip-Hop
5450,Hip-Hop
5451,Electronic
5452,Electronic
5453,Electronic
5454,Electronic
5455,Electronic
5456,Electronic
5457,Electronic
5458,Electronic
5459,Electronic
5460,Electronic
5461,Electronic
5462,Electronic
5463,Electronic
5464,Electronic
5465,Electronic
5466,Experimental
5467,Experimental
5468,Experimental
5469,Experimental
5470,Experimental
5471,Experimental
5472,Electronic
5473,Electronic
5474,Electronic
5475,Electronic
5476,Electronic
5477,Electronic
5478,Electronic
5479,Electronic
5480,Electronic
5481,Experimental
5482,Experimental
5483,Experimental
5484,Experimental
5485,Experimental
5486,Electronic
5487,Electronic
5488,Electronic
5489,Electronic
5490,Electronic
5491,Rock
5492,Rock
5493,Rock
5494,Rock
5495,Rock
5496,Rock
5497,Rock
5498,Rock
5499,Folk
5500,Folk
5501,Folk
5502,Folk
5503,Rock
5504,Electronic
5505,Experimental
5506,Experimental
5507,Experimental
5508,Experimental
5509,Experimental
5510,Experimental
5511,Experimental
5512,Pop
5513,Rock
5514,Folk
5515,Pop
5516,Experimental
5517,Pop
5518,Pop
5519,Hip-Hop
5520,Experimental
5521,Electronic
5522,Electronic
5523,Electronic
5524,Electronic
5525,Electronic
5526,Electronic
5527,Hip-Hop
5528,Hip-Hop
5529,Hip-Hop
5530,Hip-Hop
5531,Hip-Hop
5532,Hip-Hop
5533,Hip-Hop
5534,Rock
5535,Rock
5536,Rock
5537,Rock
5538,Rock
5539,Rock
5540,Jazz
5541,Jazz
5542,Jazz
5543,Experimental
5544,Experimental
5545,Experimental
5546,Experimental
5547,Rock
5548,Rock
5549,Rock
5550,Rock
5551,Rock
5552,Experimental
5553,Electronic
5554,Electronic
5555,Electronic
5556,Electronic
5557,Electronic
5558,Electronic
5559,Electronic
5560,Electronic
5561,Electronic
5562,Rock
5563,Rock
5564,Rock
5565,Rock
5566,Rock
5567,Experimental
5568,Experimental
5569,Experimental
5570,Experimental
5571,Experimental
5572,Experimental
5573,Rock
5574,Pop
5575,Electronic
5576,Electronic
5577,Electronic
5578,Electronic
5579,Electronic
5580,Electronic
5581,Electronic
5582,Electronic
5583,Electronic
5584,Electronic
5585,Electronic
5586,Electronic
5587,Electronic
5588,Electronic
5589,Electronic
5590,Electronic
5591,Electronic
5592,Electronic
5593,Electronic
5594,Electronic
5595,Electronic
5596,Rock
5597,Experimental
5598,Experimental
5599,Experimental
5600,Rock
5601,Rock
5602,Rock
5603,Rock
5604,Rock
5605,Experimental
5606,Experimental
5607,Experimental
5608,Experimental
5609,Experimental
5610,Experimental
5611,Experimental
5612,Experimental
5613,Rock
5614,Rock
5615,Rock
5616,Rock
5617,Rock
5618,Rock
5619,Rock
5620,Rock
5621,Rock
5622,Rock
5623,Rock
5624,Rock
5625,Electronic
5626,Experimental
5627,Experimental
5628,Experimental
5629,Experimental
5630,Experimental
5631,Experimental
5632,Experimental
5633,Experimental
5634,Experimental
5635,Hip-Hop
5636,Hip-Hop
5637,Hip-Hop
5638,Hip-Hop
5639,Hip-Hop
5640,Hip-Hop
5641,Hip-Hop
5642,Hip-Hop
5643,Hip-Hop
5644,Hip-Hop
5645,Hip-Hop
5646,Hip-Hop
5647,Rock
5648,Rock
5649,Rock
5650,Rock
5651,Rock
5652,Rock
5653,Rock
5654,Rock
5655,Rock
5656,Rock
5657,Rock
5658,Rock
5659,Rock
5660,Electronic
5661,Classical
5662,Rock
5663,Rock
5664,Classical
5665,Classical
5666,Classical
5667,Classical
5668,Classical
5669,Classical
5670,Classical
5671,Classical
5672,Classical
5673,Classical
5674,Classical
5675,Classical
5676,Classical
5677,Experimental
5678,Experimental
5679,Rock
5680,Rock
5681,Rock
5682,Rock
5683,Rock
5684,Rock
5685,Rock
5686,Rock
5687,Rock
5688,Rock
5689,Rock
5690,Rock
5691,Experimental
5692,Experimental
5693,Pop
5694,Pop
5695,Pop
5696,Pop
5697,Pop
5698,Pop
5699,Pop
5700,Rock
5701,Rock
5702,Rock
5703,Rock
5704,Classical
5705,Classical
5706,Classical
5707,Electronic
5708,Electronic
5709,Electronic
5710,Electronic
5711,Electronic
5712,Electronic
5713,Electronic
5714,Electronic
5715,Electronic
5716,Electronic
5717,Electronic
5718,Electronic
5719,Electronic
5720,Electronic
5721,Electronic
5722,Electronic
5723,Jazz
5724,Folk
5725,Hip-Hop
5726,Hip-Hop
5727,Hip-Hop
5728,Hip-Hop
5729,Hip-Hop
5730,Hip-Hop
5731,Rock
5732,Rock
5733,Rock
5734,Rock
5735,Rock
5736,Electronic
5737,Electronic
5738,Electronic
5739,Electronic
5740,Electronic
5741,Electronic
5742,Electronic
5743,Electronic
5744,Electronic
5745,Electronic
5746,Electronic
5747,Electronic
5748,Electronic
5749,Electronic
5750,Electronic
5751,Electronic
5752,Electronic
5753,Jazz
5754,Jazz
5755,Jazz
5756,Jazz
5757,Jazz
5758,Jazz
5759,Electronic
5760,Electronic
5761,Electronic
5762,Electronic
5763,Electronic
5764,Electronic
5765,Electronic
5766,Electronic
5767,Rock
5768,Rock
5769,Rock
5770,Rock
5771,Rock
5772,Rock
5773,Rock
5774,Rock
5775,Rock
5776,Rock
5777,Rock
5778,Rock
5779,Folk
5780,Old-Time / Historic
5781,Instrumental
5782,Instrumental
5783,Instrumental
5784,Instrumental
5785,Electronic
5786,Electronic
5787,Electronic
5788,Electronic
5789,Electronic
5790,Electronic
5791,Electronic
5792,Electronic
5793,Electronic
5794,Electronic
5795,Electronic
5796,Electronic
5797,Electronic
5798,Electronic
5799,Electronic
5800,Electronic
5801,Electronic
5802,Electronic
5803,Electronic
5804,Electronic
5805,Electronic
5806,Electronic
5807,Electronic
5808,Electronic
5809,Electronic
5810,Electronic
5811,Electronic
5812,Electronic
5813,Electronic
5814,Electronic
5815,Electronic
5816,Electronic
5817,Electronic
5818,Electronic
5819,Electronic
5820,Electronic
5821,Electronic
5822,Electronic
5823,Electronic
5824,Electronic
5825,Electronic
5826,Electronic
5827,Electronic
5828,Electronic
5829,Electronic
5830,Electronic
5831,Jazz
5832,Jazz
5833,Jazz
5834,Jazz
5835,Electronic
5836,Easy Listening
5837,Rock
5838,Pop
5839,Rock
5840,Rock
5841,Rock
5842,Rock
5843,Pop
5844,Experimental
5845,Experimental
5846,Experimental
5847,Experimental
5848,Experimental
5849,Experimental
5850,Experimental
5851,Electronic
5852,Experimental
5853,Experimental
5854,Experimental
5855,Experimental
5856,Experimental
5857,Experimental
5858,Experimental
5859,Experimental
5860,Experimental
5861,Experimental
5862,Experimental
5863,Jazz
5864,Jazz
5865,Rock
5866,Rock
5867,Rock
5868,Rock
5869,Rock
5870,Rock
5871,Rock
5872,Rock
5873,Rock
5874,Rock
5875,Folk
5876,Folk
5877,Folk
5878,Folk
5879,International
5880,International
5881,International
5882,International
5883,International
5884,International
5885,Folk
5886,Folk
5887,Folk
5888,Folk
5889,Electronic
5890,Rock
5891,Rock
5892,Rock
5893,Rock
5894,Rock
5895,Rock
5896,Rock
5897,Rock
5898,Rock
5899,Rock
5900,Rock
5901,Rock
5902,Rock
5903,Rock
5904,Electronic
5905,Electronic
5906,Electronic
5907,Electronic
5908,Electronic
5909,Electronic
5910,Electronic
5911,Electronic
5912,Electronic
5913,Rock
5914,Rock
5915,Rock
5916,Rock
5917,Rock
5918,Rock
5919,Rock
5920,Rock
5921,Rock
5922,Rock
5923,Rock
5924,Experimental
5925,Rock
5926,Rock
5927,Rock
5928,Rock
5929,Rock
5930,Rock
5931,Rock
5932,Experimental
5933,Experimental
5934,Experimental
5935,Experimental
5936,Experimental
5937,Experimental
5938,Experimental
5939,Experimental
5940,Experimental
5941,Experimental
5942,Rock
5943,Rock
5944,Rock
5945,Rock
5946,Rock
5947,Rock
5948,Rock
5949,Rock
5950,Rock
5951,Country
5952,Electronic
5953,Hip-Hop
5954,Hip-Hop
5955,Rock
5956,Rock
5957,Rock
5958,Rock
5959,Rock
5960,Rock
5961,Rock
5962,Rock
5963,Rock
5964,Rock
5965,Rock
5966,Rock
5967,Rock
5968,Rock
5969,Rock
5970,Hip-Hop
5971,Hip-Hop
5972,Hip-Hop
5973,Hip-Hop
5974,Hip-Hop
5975,Hip-Hop
5976,Hip-Hop
5977,Hip-Hop
5978,Hip-Hop
5979,Instrumental
5980,Rock
5981,Rock
5982,Rock
5983,Rock
5984,Rock
5985,Rock
5986,Hip-Hop
5987,Electronic
5988,Electronic
5989,Rock
5990,Rock
5991,Rock
5992,Folk
5993,Folk
5994,Folk
5995,Folk
5996,Rock
5997,Classical
5998,Classical
5999,Rock
6000,Rock
6001,Rock
6002,Rock
6003,Rock
6004,Rock
6005,Pop
6006,Electronic
6007,Electronic
6008,Electronic
6009,Electronic
6010,Electronic
6011,Electronic
6012,Electronic
6013,Electronic
6014,Pop
6015,Blues
6016,Blues
6017,Blues
6018,Experimental
6019,Experimental
6020,Experimental
6021,Pop
6022,Experimental
6023,Experimental
6024,Experimental
6025,Experimental
6026,Experimental
6027,Experimental
6028,Experimental
6029,Experimental
6030,Experimental
6031,Classical
6032,Electronic
6033,Electronic
6034,Instrumental
6035,Instrumental
6036,Instrumental
6037,Instrumental
6038,Instrumental
6039,Experimental
6040,Electronic
6041,Electronic
6042,Rock
6043,Rock
6044,Rock
6045,Rock
6046,Rock
6047,International
6048,International
6049,International
6050,Experimental
6051,Experimental
6052,Electronic
6053,Electronic
6054,Hip-Hop
6055,Hip-Hop
6056,Hip-Hop
6057,Hip-Hop
6058,Hip-Hop
6059,Hip-Hop
6060,Hip-Hop
6061,Hip-Hop
6062,Experimental
6063,Electronic
6064,Rock
6065,Electronic
6066,Electronic
6067,Electronic
6068,Rock
6069,Rock
6070,Electronic
6071,Rock
6072,Electronic
6073,Electronic
6074,Electronic
6075,Electronic
6076,Electronic
6077,Folk
6078,Folk
6079,Folk
6080,Folk
6081,Rock
6082,Rock
6083,Rock
6084,Rock
6085,Rock
6086,Rock
6087,Experimental
6088,Experimental
6089,Experimental
6090,Experimental
6091,Rock
6092,Electronic
6093,Electronic
6094,Electronic
6095,Electronic
6096,Electronic
6097,Electronic
6098,Rock
6099,Experimental
6100,Experimental
6101,Experimental
6102,Instrumental
6103,Instrumental
6104,Rock
6105,Rock
6106,Rock
6107,Electronic
6108,Electronic
6109,Electronic
6110,Electronic
6111,Experimental
6112,Electronic
6113,Electronic
6114,Electronic
6115,Electronic
6116,Electronic
6117,Pop
6118,Experimental
6119,Experimental
6120,Experimental
6121,Experimental
6122,Experimental
6123,Instrumental
6124,Instrumental
6125,Instrumental
6126,Instrumental
6127,Experimental
6128,Folk
6129,Folk
6130,Folk
6131,Spoken
6132,Hip-Hop
6133,Electronic
6134,Electronic
6135,Electronic
6136,Electronic
6137,Hip-Hop
6138,Hip-Hop
6139,Rock
6140,Rock
6141,Folk
6142,Electronic
6143,Electronic
6144,Electronic
6145,Rock
6146,Experimental
6147,Experimental
6148,Experimental
6149,Electronic
6150,Electronic
6151,Electronic
6152,Electronic
6153,Electronic
6154,Electronic
6155,Electronic
6156,Electronic
6157,Electronic
6158,Rock
6159,Rock
6160,Rock
6161,Rock
6162,International
6163,Rock
6164,Rock
6165,Rock
6166,Rock
6167,Rock
6168,Rock
6169,Rock
6170,Instrumental
6171,Instrumental
6172,Rock
6173,Hip-Hop
6174,Hip-Hop
6175,Hip-Hop
6176,Hip-Hop
6177,Hip-Hop
6178,Hip-Hop
6179,Hip-Hop
6180,Hip-Hop
6181,Hip-Hop
6182,Hip-Hop
6183,Hip-Hop
6184,Rock
6185,Rock
6186,Rock
6187,Rock
6188,Rock
6189,Electronic
6190,Electronic
6191,Rock
6192,Experimental
6193,Experimental
6194,Electronic
6195,Electronic
6196,Electronic
6197,Electronic
6198,Electronic
6199,Electronic
6200,Electronic
6201,Electronic
6202,Experimental
6203,Experimental
6204,Experimental
6205,Experimental
6206,Experimental
6207,Rock
6208,Rock
6209,Rock
6210,Rock
6211,Rock
6212,Rock
6213,Rock
6214,Rock
6215,Rock
6216,Rock
6217,Rock
6218,Rock
6219,Rock
6220,Electronic
6221,Electronic
6222,Electronic
6223,Electronic
6224,Electronic
6225,Rock
6226,Rock
6227,Experimental
6228,Experimental
6229,Experimental
6230,Experimental
6231,Experimental
6232,Experimental
6233,Experimental
6234,Experimental
6235,Experimental
6236,Experimental
6237,International
6238,International
6239,International
6240,International
6241,International
6242,International
6243,International
6244,International
6245,International
6246,International
6247,International
6248,International
6249,International
6250,International
6251,International
6252,International
6253,International
6254,International
6255,International
6256,International
6257,Rock
6258,Rock
6259,Electronic
6260,Electronic
6261,Electronic
6262,Electronic
6263,Electronic
6264,Electronic
6265,Electronic
6266,International
6267,International
6268,International
6269,Rock
6270,Folk
6271,Folk
6272,Folk
6273,Folk
6274,Folk
6275,Folk
6276,Folk
6277,Experimental
6278,Experimental
6279,Experimental
6280,Experimental
6281,Experimental
6282,Experimental
6283,Experimental
6284,Experimental
6285,Experimental
6286,Experimental
6287,Experimental
6288,Experimental
6289,Experimental
6290,Rock
6291,Instrumental
6292,Instrumental
6293,Rock
6294,Experimental
6295,Experimental
6296,Experimental
6297,Folk
6298,Folk
6299,Folk
6300,Folk
6301,Folk
6302,Folk
6303,Folk
6304,Folk
6305,Folk
6306,Folk
6307,Experimental
6308,Experimental
6309,Experimental
6310,Electronic
6311,Rock
6312,Rock
6313,Rock
6314,Rock
6315,Folk
6316,Folk
6317,Experimental
6318,Experimental
6319,Electronic
6320,Electronic
6321,Electronic
6322,Electronic
6323,Hip-Hop
6324,Hip-Hop
6325,Folk
6326,Folk
6327,Rock
6328,Rock
6329,Rock
6330,Rock
6331,Folk
6332,Folk
6333,Rock
6334,Rock
6335,Hip-Hop
6336,Hip-Hop
6337,Hip-Hop
6338,Electronic
6339,Electronic
6340,Electronic
6341,Electronic
6342,Electronic
6343,Electronic
6344,Electronic
6345,Rock
6346,Rock
6347,Rock
6348,Rock
6349,Folk
6350,Electronic
6351,Electronic
6352,Electronic
6353,Electronic
6354,Electronic
6355,Electronic
6356,Pop
6357,Pop
6358,Pop
6359,Pop
6360,Pop
6361,Electronic
6362,Experimental
6363,Experimental
6364,Experimental
6365,Experimental
6366,Experimental
6367,Experimental
6368,Experimental
6369,Experimental
6370,Experimental
6371,Experimental
6372,Experimental
6373,Experimental
6374,Experimental
6375,Experimental
6376,Experimental
6377,Experimental
6378,Experimental
6379,Experimental
6380,Experimental
6381,Experimental
6382,Experimental
6383,Experimental
6384,Experimental
6385,Experimental
6386,Experimental
6387,Experimental
6388,Electronic
6389,Electronic
6390,Electronic
6391,Electronic
6392,Electronic
6393,Electronic
6394,Electronic
6395,Electronic
6396,Hip-Hop
6397,Hip-Hop
6398,Hip-Hop
6399,Hip-Hop
6400,Hip-Hop
6401,Hip-Hop
6402,Hip-Hop
6403,Rock
6404,Rock
6405,Electronic
6406,Electronic
6407,Electronic
6408,Pop
6409,Experimental
6410,Rock
6411,Rock
6412,Rock
6413,Experimental
6414,Experimental
6415,Experimental
6416,Experimental
6417,Experimental
6418,Experimental
6419,Experimental
6420,Experimental
6421,Experimental
6422,Electronic
6423,Electronic
6424,Electronic
6425,Pop
6426,Rock
6427,Rock
6428,Rock
6429,Pop
6430,Pop
6431,Pop
6432,Pop
6433,Pop
6434,Instrumental
6435,Pop
6436,Electronic
6437,Pop
6438,Pop
6439,Pop
6440,Pop
6441,Country
6442,Country
6443,International
6444,International
6445,International
6446,International
6447,International
6448,International
6449,Pop
6450,Instrumental
6451,Instrumental
6452,Instrumental
6453,Instrumental
6454,Pop
6455,Pop
6456,Pop
6457,Instrumental
6458,Instrumental
6459,Experimental
6460,Hip-Hop
6461,Hip-Hop
6462,Rock
6463,Experimental
6464,Experimental
6465,Experimental
6466,Experimental
6467,Rock
6468,Rock
6469,Experimental
6470,Experimental
6471,Instrumental
6472,Instrumental
6473,Experimental
6474,Experimental
6475,Experimental
6476,Instrumental
6477,Electronic
6478,Pop
6479,Rock
6480,Rock
6481,Old-Time / Historic
6482,Old-Time / Historic
6483,Old-Time / Historic
6484,Old-Time / Historic
6485,Old-Time / Historic
6486,Pop
6487,Old-Time / Historic
6488,Rock
6489,Spoken
6490,Spoken
6491,Spoken
6492,Spoken
6493,Spoken
6494,Pop
6495,Hip-Hop
6496,Hip-Hop
6497,Hip-Hop
6498,Hip-Hop
6499,Electronic
6500,Rock
6501,Rock
6502,Rock
6503,Rock
6504,Instrumental
6505,Pop
6506,Pop
6507,Instrumental
6508,Folk
6509,Folk
6510,Folk
6511,Electronic
6512,Electronic
6513,Electronic
6514,Electronic
6515,Folk
6516,Rock
6517,Electronic
6518,Instrumental
6519,Experimental
6520,Experimental
6521,Experimental
6522,Experimental
6523,Rock
6524,Rock
6525,Rock
6526,Rock
6527,Rock
6528,Rock
6529,Experimental
6530,Experimental
6531,Experimental
6532,Experimental
6533,Experimental
6534,Experimental
6535,Country
6536,Country
6537,Country
6538,Country
6539,Experimental
6540,Experimental
6541,Experimental
6542,Rock
6543,Rock
6544,Electronic
6545,Electronic
6546,Electronic
6547,Electronic
6548,Electronic
6549,Rock
6550,International
6551,Old-Time / Historic
6552,Experimental
6553,Folk
6554,Rock
6555,Rock
6556,Rock
6557,Rock
6558,Rock
6559,Rock
6560,Rock
6561,Rock
6562,Hip-Hop
6563,International
6564,International
6565,International
6566,International
6567,International
6568,International
6569,International
6570,International
6571,International
6572,Experimental
6573,Experimental
6574,Experimental
6575,Electronic
6576,Experimental
6577,Experimental
6578,Electronic
6579,Experimental
6580,Experimental
6581,Rock
6582,Rock
6583,Rock
6584,Rock
6585,Rock
6586,Rock
6587,Electronic
6588,Folk
6589,Folk
6590,Experimental
6591,Experimental
6592,Electronic
6593,Rock
6594,Rock
6595,Rock
6596,Experimental
6597,Instrumental
6598,Folk
6599,Rock
6600,Rock
6601,Rock
6602,Rock
6603,Rock
6604,Rock
6605,Rock
6606,Rock
6607,Rock
6608,Rock
6609,Pop
6610,Pop
6611,Pop
6612,Pop
6613,Pop
6614,Rock
6615,Rock
6616,Rock
6617,Rock
6618,Rock
6619,Rock
6620,Classical
6621,Classical
6622,Instrumental
6623,Rock
6624,Rock
6625,Rock
6626,Hip-Hop
6627,Hip-Hop
6628,Hip-Hop
6629,Electronic
6630,Electronic
6631,Electronic
6632,Pop
6633,Electronic
6634,Electronic
6635,Electronic
6636,Electronic
6637,Rock
6638,Rock
6639,Rock
6640,Rock
6641,Rock
6642,Rock
6643,Rock
6644,Rock
6645,Rock
6646,Folk
6647,Experimental
6648,Rock
6649,Rock
6650,Rock
6651,Experimental
6652,Experimental
6653,Experimental
6654,Experimental
6655,Experimental
6656,Experimental
6657,Experimental
6658,Experimental
6659,Experimental
6660,Experimental
6661,Electronic
6662,Electronic
6663,International
6664,International
6665,International
6666,International
6667,International
6668,International
6669,International
6670,Electronic
6671,Electronic
6672,Hip-Hop
6673,Electronic
6674,Electronic
6675,Electronic
6676,Hip-Hop
6677,Folk
6678,Folk
6679,Folk
6680,Folk
6681,Folk
